codigo,cedente,pagador,valor,vencimento
4e40a635-1d96-4119-ac0c-890b60f254ef,Bettley,Cadell,8822.33,26/02/2022
7e692a72-fa60-4042-aabd-c42aed0371c4,Pirelli,Bodycombe,678.67,31/10/2021
5ff5216c-2577-451d-b5d3-bb2172e92025,Durak,Connell,1158.88,27/09/2021
5940f51b-f14f-4e99-997a-53fda08e7e19,Levison,Stonham,285.20,18/03/2022
bb840f81-8aa0-41b7-9d0e-d7eaa3a5c402,Brannigan,Crowne,9334.95,07/11/2021
851517d4-f193-4659-92ef-b37a827be4b3,Adrian,Muddiman,2607.33,07/10/2021
d0b25595-6448-47b1-83ad-d045ae81ec15,Oxnam,Bessom,9069.11,01/12/2021
3f4cc762-608c-472c-97f1-aafa011e11a1,Petrazzi,Yegorkov,389.92,16/04/2022
66c414df-006d-4a74-9187-209b8efafe84,Woolis,Pinfold,479.40,31/05/2022
d783e475-f030-4fdd-9974-1e1d4ee69869,MacAscaidh,Nadin,4336.12,19/12/2021
e268a536-e242-46ad-a135-7c18ef4a9d2e,Sweetzer,Garratt,2101.26,24/11/2021
6ef91f0f-c3a0-41e9-a941-a0a002e2c626,Ricciardiello,Winckworth,355.94,03/07/2021
fe6f9dce-3245-432d-82ab-e39603b2a158,Coulson,Dries,6286.68,15/07/2021
ba06a38a-96c4-4a0f-9b71-99a9509d8494,Hilhouse,Bausmann,3802.88,21/12/2021
8462652b-b837-4c7b-a051-4b54fb8a6036,Allsop,Daborn,6696.66,01/04/2022
828fc449-aba7-4eaa-8524-a2d7a7260b29,Thompson,Withringten,5465.02,26/06/2021
f53bb4f1-c3c5-4ffc-8c0c-c48df00c6505,Kinney,Hoyles,1220.27,07/03/2022
9ed4aa7f-ca45-4d47-8922-28d47c9d8a7e,Jerrom,Iacofo,4654.38,02/07/2021
963744bc-f8b5-4dba-9ae8-a9397edb3c04,Bushe,Jacobi,4917.50,01/02/2022
3703d265-74d3-4050-af1f-901526c9300f,Heenan,Ruvel,9239.03,08/10/2021
40f84873-1e58-4bcc-9f62-a7fe2661e62a,Dray,Dotson,5230.06,21/11/2021
e750fd38-44de-40eb-9a3d-ab6a2e6614ac,Westnage,Noble,7391.76,19/04/2022
ff0f230f-5c8a-4c18-9023-9ed8ee0292e1,Gierardi,Impey,8205.96,30/01/2022
eb6bb136-3df8-4f60-8f54-5cf43dc94044,Bambury,Wattisham,6316.70,05/05/2022
ed9c7761-f13c-4d13-b621-23d581b41be2,Tull,Kahane,1288.10,11/04/2022
fbff289a-bb76-455c-88f2-5f86125caa6d,Ditt,Betteridge,705.54,13/03/2022
44ab4d71-ab95-4dd8-a3f9-93bd5ef3a9fd,Pont,Pendall,8670.06,26/07/2021
dffd7cc5-57b1-47ae-b295-e8858999a1c4,Kemston,Nashe,8286.66,17/03/2022
023952b3-e8bd-4b42-ab89-1813aa0a4692,Samudio,Billing,4197.67,10/10/2021
ecfe1d10-62ed-4c96-81a7-febff68f7c05,Gauche,Pettigree,4018.43,21/08/2021
22b836e1-4a53-4a2c-9250-cfc81c207c81,Linstead,Adamiak,9572.73,22/06/2021
6645039c-68de-45dd-9500-b25757172d1b,Jacobs,Levermore,8320.09,06/12/2021
c821b3b9-f439-4b82-80ce-bf29594caec2,Valentinuzzi,Uebel,5446.63,11/04/2022
0223ba2a-550b-4578-8193-1dc70ed1e467,Cowlard,Vogeller,8326.43,30/09/2021
c3d4d8ba-ff77-43a7-a715-21ec09e287c4,Garstang,Rassmann,942.74,21/01/2022
e1773e8b-e095-4b1f-8f19-2cb30b86e954,Tolwood,Hackin,6968.24,12/04/2022
23aa2719-6258-4615-b048-89aef0da10aa,Sarre,Southorn,5152.22,19/11/2021
cfbde815-2c41-4834-85e0-a93857cd9a3c,Heggs,Coldwell,8750.01,30/06/2021
0cd19426-9e5a-46dc-a5c6-63a42b061a57,Veschambes,Saket,5880.92,16/01/2022
b2a3efbe-0869-4895-a850-60676a694523,Leason,Swaby,1949.94,11/02/2022
6aa880cd-85f8-4d8e-8320-f157b6fef671,Fucher,Temperton,2913.56,03/12/2021
ff9aba92-6ed6-44e7-8ac0-20e287d187b8,Soldi,Goodbar,3653.37,09/09/2021
20268cc2-479c-47ff-b829-72382f2c088c,Bloan,Caldron,6575.00,13/07/2021
6d4826a7-326b-4216-aee0-c0cebcff56e5,Barniss,Schoffel,9110.27,28/06/2021
536d1236-2365-480c-89d6-aef28d744cdb,Alben,Winstanley,9078.79,10/06/2021
1398a0a5-3263-4667-a48c-64bdef5e5050,Aspray,Ruane,4416.59,24/11/2021
e4176cbe-b620-4bfe-b8da-e9f97f8674ae,Troughton,Buscher,5283.01,22/02/2022
c2c26e59-801e-446c-9c64-dd43101ff453,O'Connel,McLarnon,5085.72,01/08/2021
58bcfb5a-84a9-45b7-9030-4923db91f6b7,Bletsoe,Fathers,9471.20,19/05/2022
4b037910-b69e-448d-8f18-b54202bcf1d0,Hendrik,Fowlds,8223.05,14/12/2021
c0fa4565-2252-47ff-b051-43f108fa81fe,Willman,Wintour,355.70,26/09/2021
f8e2f676-257b-4dbd-a59c-d6e02db3b2d7,Dounbare,Gorce,4214.53,14/11/2021
e6a0e2d0-4fdb-462c-a01f-12de1aab51a5,Titlow,Corzon,5463.05,16/12/2021
23bd7962-f745-4a34-8d2f-36d731744f4e,Kharchinski,Erni,5211.58,13/03/2022
7439653d-451b-4363-b69f-f82293fc6dd9,Gutowska,Vogeller,7720.28,24/05/2022
97da816c-c618-4ecd-91f7-620ff1a91e26,Burchill,Abberley,9669.19,17/12/2021
3b5fcea2-a6d0-4ce8-af46-a412b6993030,Kensitt,Winterton,5668.12,21/09/2021
93f482a8-ed57-4fdd-8e5c-9a7dd5cebeb1,Han,Grenkov,185.80,29/11/2021
e950b6ad-7f6a-4a36-b5ff-39524c566f95,Vassel,Clarridge,8522.30,31/12/2021
6768aeca-a18a-4183-9ddc-ae65047a524b,Trembey,Crosson,5815.79,11/03/2022
6ec53689-9cd0-4054-a0ec-376a8e4eac56,Jonczyk,Woollacott,1036.11,01/08/2021
de80ea36-cdf6-4c3b-bc3e-b1fc3b955220,Dessant,Aslie,4372.08,24/03/2022
964d420e-1279-47fa-bfc0-1d5f0a4db3c1,Eastgate,Bedberry,8579.16,27/10/2021
37137284-cfd4-459b-9fcc-9075de4c5b04,Edy,Waghorn,4780.69,24/07/2021
77ecbbe4-a3a1-4e32-b59c-5ea92ada0659,Haucke,Sawbridge,2610.96,27/08/2021
da4340d6-a083-4e88-8309-df36ef8bfb3a,Beswetherick,Rangle,9797.06,15/05/2022
b9ab1324-3d0b-46c8-a65d-8d3a1affdcc5,Abbys,Brunicke,9330.44,22/06/2021
9d5b5aac-8e44-4ea0-ab63-315b997bdae9,Sigge,Sorrill,3115.73,17/05/2022
86f6be2d-ba7e-40b9-ad25-3f62fc8ce372,Rappaport,Oldis,9380.46,15/09/2021
1ddd47e8-eeab-4e50-88c7-605ca5673c78,Pauleau,Friary,8296.72,11/01/2022
d446918b-3bfc-43c5-ba3f-bb6bad3f38f7,Crebbin,Merriton,2046.46,02/02/2022
6b6cb81b-dc12-42d1-9665-570417e4f4e2,Whitham,Arthan,2610.55,08/10/2021
a05a66bf-8926-421d-8cad-5e5725737023,Udie,Wetherell,719.69,28/02/2022
bc4ebe3c-91a9-4fa8-acc9-c0717f76d1d0,Burnapp,Stroobant,892.47,23/12/2021
96d0d653-8aa0-4f50-b2bb-a85e37242ca0,Darwent,Burgoine,8976.95,07/02/2022
2c69b50a-7b02-41d9-a0dd-57bc9ce43b42,Espinha,Witherow,1236.11,10/05/2022
3fb3fe8d-6964-44a0-838e-9dad6ab93406,Saile,Lammiman,2373.03,12/11/2021
57ffd0a9-56a3-4b44-ae15-54596f211627,Isaaksohn,Gerriet,6180.60,28/03/2022
0675b21a-0c1b-4b11-82a1-29ab5fc1bffe,Bridat,Kunzelmann,398.00,01/06/2022
2eb38e09-9cbc-4aba-b3f7-763f4f173e8e,Dougliss,Shardlow,1285.56,13/08/2021
48c763b8-75d3-4434-9d4c-600aaffafb95,Guerreau,Pionter,3546.99,21/02/2022
34326aa6-7e3d-48cd-b10b-f73ec7c55443,Filipponi,Midlar,247.76,20/04/2022
c572b246-fb94-4a14-bdf1-43db7326a533,McCoole,Gravener,72.69,12/08/2021
fed9ae09-8ffd-42a7-a4a0-95e369519bd4,Osgardby,Bridgement,7702.56,21/09/2021
0fd2da38-ad6d-48ed-9f09-1da9407e6dcc,Izkoveski,Chittock,3688.54,26/07/2021
f1a71b51-6357-43bc-9ada-a584f209a7fa,Ringe,Zylberdik,4150.41,26/03/2022
23a7bfb3-be6e-418b-a497-7de7d21ba0bf,Scarman,MacKey,7397.37,18/07/2021
6f45ca12-49d8-4ef5-beb7-d96f5fc67d19,Breeze,Sybry,5815.89,03/06/2022
cc39130c-931e-468a-a0b4-7b633f537849,Falck,Blanden,6970.21,31/01/2022
84b36059-11ad-4c7a-a8af-fb3c18e5552b,Kleeman,Dulson,999.15,06/12/2021
ad8b2cb1-261b-4fa9-9652-286a7f846244,Hughland,O'Roan,9459.21,28/07/2021
ff5ca758-c50e-4511-abe8-2a18bf7f87dc,Hookes,Navan,9026.50,07/03/2022
fea2c0f2-de24-46d5-b10d-e87a29904091,Farenden,Itzakovitz,2973.82,19/10/2021
c4e1f9f4-b016-41c2-ae19-8861b830c76a,Bangs,Condie,8695.90,16/03/2022
f440ffc1-733c-4506-8c35-d633e117d86e,Iori,Cannaway,7837.72,03/05/2022
ad6ef5df-34ba-436d-a61a-888ea1802faf,Trunkfield,Plover,8260.32,23/04/2022
b4b404d5-88e2-4764-8765-12c0947b3f26,Fortune,Wanderschek,8959.80,24/07/2021
fb954889-df33-47cc-a79c-92ec47ecfd0a,Got,Di Angelo,9076.15,23/08/2021
afecde46-1d3a-4f06-8b50-8375f9b57b78,Paley,Marrington,6280.32,23/07/2021
7a7c48a3-e977-4211-a558-5bf0310bf596,Phillis,Wessel,5387.71,28/12/2021
5bd7d656-2e5c-4dbf-9fe8-0abd4870f2b6,Emmanueli,Bembridge,9632.00,29/08/2021
7d455abf-e821-4709-9cb3-203ccd247b37,Payler,McCathy,477.37,28/03/2022
ad83f913-780b-4241-8841-e1121bdcfb74,Leuchars,Demko,3652.99,18/09/2021
e00b67c3-c899-44f8-95c3-b50f4e78fc1e,Gaenor,Strutley,4579.10,21/05/2022
b5f904e3-4984-4ee7-978d-0d6323c9eec7,Saffill,Rittelmeyer,7077.60,02/01/2022
d05eb05e-4e7e-4701-9eaa-c141851df2fe,Linskill,Petrulis,8596.06,05/09/2021
4e050184-bdae-4319-b11d-cebf9a1f1515,MacComiskey,Cockarill,3387.70,08/07/2021
227c2bfd-6781-4dd2-860e-b5362eea2e77,Whenman,McEnhill,9103.03,05/11/2021
d81285de-7607-429f-a3ec-1daa34a1abcf,Sharma,Sapsford,731.51,11/06/2021
f17095e2-dad8-4406-bbae-9f5e34a5fb1d,Eastman,Braga,7050.16,07/09/2021
586781eb-94d4-4a1b-94e5-22f9c648e089,Pettendrich,Lossman,7619.83,15/03/2022
599f1898-dae6-493a-bbf5-5584e5b0c184,Sandry,Underwood,6748.33,30/11/2021
57616c3c-08b4-4b96-88f4-bc85757d75bf,Rickford,Fellows,6445.58,29/05/2022
d4448d73-92e9-4af9-ad9e-2791be33539e,Feathersby,Tungay,1977.79,08/11/2021
d38fda5a-2a27-42a2-ab11-4fb44cf309bd,Baroux,Dockery,3741.42,22/01/2022
e79e3646-9e57-4277-83a5-c3c332ff9cad,Looker,Woolmer,869.22,18/07/2021
2752633a-d860-428b-91dc-c657f7a087b5,Munton,Hixley,9900.55,10/06/2021
15f906e1-540d-4a77-95e1-7c5512c5454f,Pennuzzi,Kimmince,1674.40,01/12/2021
f5a8d3c0-4177-4bd0-9335-93bc449c30df,Dow,Bonnaire,514.47,27/10/2021
d0048a40-19f2-4c55-bc63-a1530a517038,Edney,Putman,68.85,02/05/2022
3ac565fc-199f-4461-8147-f12e68204cb6,Tyrrell,Murrigans,4388.55,12/11/2021
e8fc386a-f42b-42ca-a1ea-5b843675b4c4,Pounds,Clawson,3728.81,03/06/2022
e843f5a4-09fc-41f8-a82b-2199aefe8e8a,Sweeny,Trayling,8001.19,15/01/2022
a63bafb9-28c2-4956-b6a9-1b3639315193,Meneghelli,Gerault,9416.97,22/11/2021
184d28b8-922e-4a14-8cde-205e83ab7940,Hiland,Jobern,6877.87,30/09/2021
88ade46c-0997-44c1-815b-9499493ae496,Salaman,Keeler,9230.51,18/03/2022
ef996e37-fff0-4e77-86e8-25ddef4dfdc7,Burg,Lankford,5307.48,15/09/2021
e9014477-28b6-4ba2-8385-c8b2daf40a3a,Caveney,Pessolt,5251.75,08/02/2022
07753955-31bc-4264-98ee-79fa4b44b582,Sheavills,Hallgate,8373.69,29/01/2022
cacc602e-e979-45b3-b41b-a5bcc1698f24,Newstead,Bushrod,6801.23,20/11/2021
d161147b-be39-4006-a1e6-945cc07c524d,Bendall,Karet,6334.40,22/04/2022
242e0eb2-0ceb-42df-a190-7968fe007ac0,Demschke,Dominiak,7819.36,05/02/2022
e25a72f3-1c32-44dd-8c27-0855ddb87f63,Munning,Verman,1379.18,11/03/2022
87a3aa28-8698-4140-8dec-51378d605e7c,Caldecot,Casebourne,2502.61,09/04/2022
636b909a-abc9-4003-af38-3b823a9658bf,Naulls,Senchenko,2297.11,05/05/2022
9b12cc51-ffcd-4ac0-a005-808230e7d8d7,Welch,Lissaman,2007.65,16/03/2022
6dfcf78b-2ee6-4f8d-83eb-5a8ad8b6ea83,Chippindall,Evreux,2114.43,13/12/2021
fac43e59-f15b-4ede-a5e6-7576965dae47,Hearne,Shubotham,6100.80,30/07/2021
9a438676-770c-4721-928e-04b4e4844dad,Yarr,Lunney,3438.80,14/01/2022
dd283bb4-d663-4dcf-88d3-e89151763dcf,Bullon,Courtin,6485.09,09/04/2022
671cdf8c-e69e-47e3-838b-3d27ea0b75b9,Monni,Rawling,984.12,25/11/2021
f2b22bf9-7cdc-4db3-b001-1b2b3551d3aa,Martinat,Newbold,2892.77,01/07/2021
fb7ad612-cc99-4f54-a529-918748cc0368,Addy,Doyle,8848.33,09/05/2022
50a96dfe-571c-49b4-a928-ed88a65987cc,Gosneye,Hendrichs,2732.42,16/10/2021
c08cfa44-25e1-4530-aacc-b920b6475b4a,Krollman,Lesek,4075.23,04/06/2022
805561a9-f910-42a0-91a1-a5c5715b11e9,Dryden,Shadfourth,549.75,30/08/2021
4b263128-28f5-4af7-8ecd-62e060847a16,Trengrouse,Cliff,5726.96,07/04/2022
ab15a77d-9aec-44cd-966e-27f34ce1736b,Peartree,Drewett,8318.34,14/09/2021
0cbaa402-6fed-4eaf-9bfb-de4bb74b4686,Bromhead,Le Brum,7979.38,04/03/2022
8c8b91a9-02d9-4914-946f-b8aa27e22fdf,MacNeilley,Dunstone,4417.30,08/12/2021
d73f200e-63e6-4354-bc7a-ef0a87fbeb65,Pellew,Lande,4773.90,19/11/2021
ef977abe-11ab-47f9-b0d6-c69489ca7aee,Scholling,McHale,3429.68,06/07/2021
65e0cd50-933e-4f34-83e1-c5d5b88178b7,Pheasey,Carik,7994.78,16/05/2022
30001160-bde8-4367-9eec-872c6da4b8c6,Roly,Awty,1103.01,25/07/2021
3bae71da-73ea-4995-a1c1-9242b3063e72,Shillaker,Redmain,5913.51,07/01/2022
155c3a1f-7a2f-45c7-9b9c-28e1528aa6d2,Giocannoni,Braham,1137.97,08/05/2022
4f7b69ea-302c-4fdc-968e-11b9aa736439,Pilipyak,Popescu,1641.00,08/06/2021
edad5808-d563-473b-832a-af0fd0f7bbb9,Clackson,Meneghelli,9267.50,16/03/2022
c7a0302e-cb84-4d9a-ba4f-37e6e0c88c93,Havvock,Jurczik,6243.85,08/11/2021
a2d9f2c7-3a3d-43ab-8a06-003aaebf5738,Jantet,Nevins,388.16,06/07/2021
aaedcdb3-4792-4370-aff5-bd223d758192,Rock,Ingerith,8455.69,22/06/2021
91cb7829-4079-4bc6-88be-c73409070f8a,Teaser,Esmond,235.86,01/04/2022
2c371dc0-1679-4f09-8359-a8a116f959a0,Cleave,Dixcee,4326.05,04/07/2021
e9f2b24c-3b96-4d6e-b688-026d409662f9,Grinter,Eusden,7857.21,11/01/2022
47ac6b0a-3a1d-4c7e-8de1-98f111a5cb8c,Glasson,Longhorn,5581.40,25/02/2022
f1b9c563-be88-48ab-8361-13a0f77d40ff,Flavelle,Tuny,26.15,10/05/2022
f70760e5-731b-46c1-be49-9ee10dab5e5a,Shrimpling,Matelaitis,3303.67,03/04/2022
6c674e67-5d52-45b6-bab0-89d7d3e6f895,Roblou,Rumbellow,7328.50,05/08/2021
56feaf40-ffd4-45f9-a948-56d8df28de47,Mounter,Mortlock,8803.52,15/02/2022
56c97249-2032-4382-b78b-4dd238dad2c8,Lynock,Banfield,606.14,22/10/2021
77edbecf-2d88-4d25-a8c6-aadbc6f07d4e,McGraffin,Schermick,8132.38,24/03/2022
ee9bf294-64fc-40ac-8f13-9e7a75c7ad21,Foxton,Waltering,4500.76,09/07/2021
472d7edd-c1e8-4a51-b6c1-de8305a8b802,Brastead,Henryson,9172.59,12/01/2022
ea2fb70e-3a63-416b-9cfd-26c2385b4145,Marner,Melanaphy,6595.40,10/04/2022
8b8a881f-1a91-41a2-9eaa-47fab502cda4,Goding,Veitch,3905.89,28/08/2021
8c8bbac5-0aa0-40d6-9ce3-3d78c70dd7c5,Theodore,Grigoroni,766.46,03/08/2021
b49500be-91df-45ed-aff6-377e42efbe15,Fitzsimmons,Bukac,2346.07,06/05/2022
501cfa7f-4cb0-4574-aab7-2806f42b8957,Cockshott,Farrin,962.45,05/01/2022
fa5a2a74-287c-466e-86d5-33fca5d2c307,Ludford,Brocking,9955.33,26/12/2021
4a086eed-34ca-4f77-8e04-fabd7ea24c84,Lapre,Walworth,8409.35,26/12/2021
b3e9aeca-55af-4cbf-819a-3db692e746f7,Maffiotti,Raysdale,880.72,09/10/2021
fa405d4f-74fa-4bbf-b95b-9c5a86731dfb,Pull,Crigin,9410.87,09/06/2021
ace66611-ad92-4d36-b7a6-8e46ba82b941,Trencher,Espadas,237.67,19/07/2021
5c72ce8b-196f-48c5-985c-f40a7c10e54b,Byk,Raigatt,6363.67,24/05/2022
24c88e74-d4f7-489f-b78a-c1e4281be4b5,Harbinson,Momford,4581.88,28/03/2022
a071fd59-255a-4cf5-a64b-8879c0fecee2,Riggulsford,O'Flaherty,5910.56,25/07/2021
febe5ce2-9edd-4a3b-92ff-859b910b7c0e,Gingle,Haythorne,3964.70,07/08/2021
5bbe34b9-8200-4e49-abdf-f606097b3787,Hydes,Soares,3536.58,16/09/2021
d5e58def-342f-4c17-896d-965340aca6fe,Forsdyke,Hanbridge,5449.44,13/01/2022
de02961e-19a1-45fe-8754-ed461dd31199,Priddy,Jiggle,7332.62,06/09/2021
d5211595-db38-4208-a3c7-a1978c2116af,Semper,Bourley,9281.63,08/04/2022
474345d7-bcf4-4013-9c21-262fb98ef52b,Bunney,cornhill,5883.50,05/12/2021
a8dfd5dd-00fe-4f50-851a-16659c379c7e,Earwicker,MacIntyre,6426.34,06/04/2022
04d11120-3359-467a-bcb7-22e154be23c3,Fish,Mogridge,6416.69,16/08/2021
470814a4-a50b-4cca-a8a5-92fea69cbca2,Hanes,Antoniou,5975.72,19/08/2021
5ee1cc0e-8020-4905-a385-10fd8a92466c,Gayden,O'Lennane,935.13,17/07/2021
7e38a1e5-75a0-445b-abe2-fe488203ede8,Hagyard,Shrieves,116.09,17/08/2021
5730c4cd-3f50-4a45-8eac-c9c43992962b,MacAllan,Haucke,1435.79,19/12/2021
e99520d2-7ff2-48fa-bf32-e31c512a66f1,Verralls,Oris,3979.64,26/04/2022
57adb638-a38d-4086-ba01-a5020e2a6726,Joreau,Rochford,8314.48,08/02/2022
64252104-b1e2-4a68-b02e-dab04dee312e,Warfield,Parmiter,6419.81,16/10/2021
5148cbde-ad2a-4498-8691-ecf98f3adc93,Whitnall,Howett,7779.27,01/03/2022
db53892c-74af-4217-831f-8682232a25c7,Itzhaiek,Cruwys,7018.31,17/07/2021
324b7ddb-0da7-4cfa-87fb-4a4045ad7c80,McLewd,Hartley,7338.08,16/08/2021
adc0d05c-4dc2-4bbc-990e-e1f631d4998d,Polding,Knowles,4395.42,20/12/2021
b9c5a740-2ff9-4a58-9f32-354222d70cdc,Gypson,Benoey,6509.93,05/09/2021
41844439-b21d-4840-aacb-da423665d795,Mergue,Killoran,1772.05,29/06/2021
ae9eb1a5-f4cb-4075-8e7b-7964baea1a9c,Belsher,Passman,4160.25,29/07/2021
df8fcaa2-ec82-4796-a2be-989d8279a185,Spinelli,Caveill,9243.87,29/12/2021
896dcb54-c3c5-4a82-aa82-4e7ac8d5dfb8,Holywell,Schleswig-Holstein,6718.16,09/11/2021
89ddcb28-fdc5-47cb-abf1-55b96ca3e9db,Baynton,Verzey,8270.89,06/04/2022
bada55ec-b082-43ed-99e7-ee4bbac39199,Whiston,Rainer,3050.42,02/06/2022
8fa20cf2-bfd7-4293-89a6-c240f3a42ee7,Hunsworth,O'Clery,4550.60,03/06/2022
3eb6dbc2-4fbc-4c7c-9b8d-8442275275fd,Vannah,Estrella,6412.69,30/09/2021
6e65a6dd-aa32-48ff-a679-976d216bbc10,Vernay,Wettern,7922.04,12/12/2021
e8384bbf-9d02-4a28-814c-aab2b75b1887,Croan,Heakey,363.93,26/07/2021
549ecbde-607b-4fd5-b89a-ea86ce1c62fe,Collete,Cawson,6001.96,07/07/2021
a694cc78-288a-4db7-bdf1-a9005f12dc1b,Aven,Fley,4028.82,24/08/2021
25ed86ba-1f51-4295-8bba-224f0a2b633e,Rubega,Marzele,1603.02,10/12/2021
2810e58f-afe0-4d1f-9b53-c49246868db6,Styan,Schaben,46.15,02/07/2021
f9a889b9-5db5-4f74-8daf-f8f4b8f24afe,Zannini,Chmarny,3296.17,28/08/2021
101c11ed-3f7d-491d-be0e-46a6e7595023,Matokhnin,Durant,5710.07,30/12/2021
a7e44998-291e-4bc4-9f02-9fcb3ba08a75,Greenig,Burkert,3757.91,03/02/2022
19714c2f-ce60-49ab-bac9-dfa653eedbd4,Canwell,Lortz,592.27,13/06/2021
55e7ca2e-2b4c-4ff0-b0eb-5f472a60ed0e,Caslake,Pawels,9034.53,12/01/2022
0a723019-854c-4622-8fef-1119fe9626ac,Gane,Crofts,1985.57,10/08/2021
33f26e20-3f43-45a7-9299-dbe8556b6b0a,Foskett,Rhoddie,3771.45,10/08/2021
6bf92082-a183-4aea-b882-d46d7805abe0,Tenaunt,Eye,7085.84,10/12/2021
8ed73198-7966-4750-a0f9-4838f298a01c,Skade,Pinckney,4130.84,07/03/2022
ef5967df-c8ba-41aa-8331-5fe991023c4d,Mattielli,Cockell,7485.23,12/09/2021
5966e3ab-59f7-44fc-a685-8133de375c09,Rowswell,Kennelly,3156.03,04/10/2021
9006d0df-25fa-42ac-bbaa-68ff20209c82,Steddall,Jacmar,2623.63,15/03/2022
02fa79d6-ea3b-42ee-b133-065a8ffda8d3,Karlik,Kristof,171.04,11/11/2021
714e5bf1-cd7a-4293-863d-14ace17c2a61,Straw,Broadberry,8673.61,29/03/2022
8b399c8f-c720-41e8-aea0-73de52004d90,Leadbeater,Chaff,1893.49,17/11/2021
eb9410f5-dff7-47a3-a854-f0d80de959af,MacCostye,Alu,9192.25,18/11/2021
b6a60e91-aaa9-4794-b413-821169ad161e,Bocke,Briar,7150.91,11/07/2021
5d7791ce-e490-4f39-a46b-41d5dcad513b,Fitzsimon,Oakland,9299.24,06/02/2022
d4d36346-9087-4826-8d7c-30deba6c66a2,Aspinall,Inkpin,8528.75,02/04/2022
dc651f0f-c1ce-4929-944d-35beaa13e94e,Summerley,Tudhope,4709.38,23/04/2022
c4051d2c-f212-4116-88dd-d5ecac6d47cb,Tuckley,Vedeshkin,8588.70,30/12/2021
8931e1c7-72c3-4354-b480-903583d2b129,Davenell,Deeming,6699.83,22/05/2022
3b57acc9-e3d0-40fe-9677-68a358f87e59,Jeacop,Kernar,2820.88,29/12/2021
b0caa55c-f0cf-4b51-82da-27c461594306,Rauprich,Habeshaw,4930.90,13/05/2022
3c5d694c-2a9a-43b9-a22b-0503ae6044d4,Twidle,Dunwoody,2843.71,03/09/2021
5fd74c12-7f66-4ab3-985d-fc247deac8d4,Worshall,Beet,5664.83,24/08/2021
6b90b321-6cd0-4810-bc8d-f8472c996876,Goldsbrough,Pedrollo,8229.76,11/02/2022
f667e7b5-06b0-44bd-84e8-3c0e26f2752b,Catto,Marcham,6008.68,24/01/2022
afadc304-1dd7-4f7b-8a32-a8f48b093dcd,Fosdick,McGown,6491.73,01/01/2022
181823cf-33c9-491f-94b1-2b15bb3bed74,Lambertazzi,Bamforth,9870.86,25/11/2021
ce9c21d5-cc79-4c0c-bc6d-e85b3acb73e3,Buckeridge,Bragge,9076.62,07/03/2022
b7b926c5-5043-4772-a6dc-fefee709283e,Lowseley,Gatheridge,38.59,11/11/2021
19c68bb0-ee2b-4259-b514-69c1c20d30cc,Domini,Truluck,9380.31,05/11/2021
e4793447-1493-450b-9981-b726a735e326,Golborn,Rosengart,2204.65,17/07/2021
d0bc6b91-aee3-4ed5-94a1-1cbad5dc3c86,Jowle,Beamond,4580.57,24/06/2021
5ff341f8-36e3-4c6c-8319-39be3df5c9ed,Soots,Heeley,306.13,18/05/2022
069f1aa7-36e5-49d2-9bc1-335469a2abcc,Fassum,Garfirth,3125.91,11/08/2021
8547e33b-4911-4c5d-82a8-f593aa202529,Emery,Lowrey,2909.56,06/05/2022
35722bfc-792d-4927-b16f-79c91ac813e5,Goozee,Trevers,5501.30,15/07/2021
e2b3c88b-c427-4b6e-abf7-70d0f20a6b77,Willows,Margrett,841.02,28/06/2021
08fad45a-2d7a-4db5-a194-d3626f35ad8e,Stansbie,Grabbam,6375.10,05/12/2021
fd608af3-2353-45d9-9d8d-f90bcabaf834,Washtell,Wigmore,1502.01,21/07/2021
c787b164-b923-4358-879a-57c6605e545e,Antonopoulos,Pohl,2568.28,26/08/2021
ab92e48a-bd67-4a04-be42-8114a3146961,Germann,Penticoot,9544.40,29/03/2022
c76d41c7-d96d-421d-9153-171aeaeccde9,Jaye,Birtley,38.99,18/10/2021
57f9b21c-0ac2-4eb0-9d62-ed9e19b01177,Coyte,Kears,7136.04,11/11/2021
050daae1-17f8-4bfc-930b-cd70fc79e1af,Surman,Flawith,3318.44,26/02/2022
fbde02ca-d6cc-41e4-b901-4fae81d8bfac,Sinson,Hailwood,5680.14,22/07/2021
94f53b4a-7262-4c93-9d23-d57996b17640,Walisiak,Basey,261.54,20/06/2021
a554daf4-517e-429c-b334-78b273ae3028,Nattrass,Swadlinge,5210.04,26/08/2021
d121c9b2-4d05-4a09-81f2-ecd78305a2df,Burgon,Reisen,460.11,27/08/2021
b28bf51e-46b5-4626-b059-207b8c68b8f9,Greenroad,Dressell,5573.31,02/09/2021
0538d10b-b4d6-4e63-ad52-535938628b04,Wooff,Suthren,1050.51,24/10/2021
01f10538-6694-485a-b6ab-5580c3882e31,Foat,Hambling,8053.57,30/08/2021
02e8b8dc-bf18-434c-9183-e73b91ee2fcc,Benoey,Bruneau,2084.85,29/11/2021
418c6d0b-7904-4bbc-b485-ba438934e314,Hynam,Zorzetti,8552.12,23/12/2021
0dd82246-4912-4350-a46b-d08967b52ad2,Drinkall,Gerriets,2581.92,30/06/2021
16cf4f6b-5b66-4b9b-859b-514c7e946286,Ewestace,Pringle,371.41,16/06/2021
f542dfc6-c815-4f33-987d-96d4affd12fd,Pieracci,Benninger,1940.65,22/08/2021
84296d08-3cc5-400b-bc50-9edd676a99ec,Pitcaithley,Toby,3015.94,21/12/2021
6010ef3b-f5f1-40d2-b192-092e01ce02de,Exley,Hacket,9384.30,05/02/2022
32587b59-1aee-4fe5-99ec-391f6907cb3b,Brayshaw,Wignall,9328.23,11/05/2022
775ec4d9-f2b3-446f-b1ea-43dad80ce6c3,Andrejs,Desaur,8635.06,15/07/2021
b667b8c0-fce5-4511-b741-cef797bb4edc,Tottman,Blachford,8772.49,18/06/2021
33bf0fb5-c654-4724-9426-178da4eb0479,Cuttin,Probey,5013.45,21/11/2021
24a3f588-391c-4852-8691-09130d75e158,Lanning,Sicily,5552.67,30/12/2021
d618809c-8d15-4f0a-abc5-f88b0375dc84,Parrington,Monget,5331.88,11/09/2021
b2362770-1947-465d-94de-39c918a8399b,Gorvette,Breznovic,3195.08,31/05/2022
20572149-7ff4-46c1-80bc-6689e186c9b5,Commucci,Patinkin,9505.16,18/02/2022
224fea68-222c-4276-8963-33a1158818c9,Bartosch,Kilford,9433.24,05/03/2022
94f4460e-006d-4510-9bb7-696fc12e8c9e,Pittam,Epton,6598.21,08/08/2021
5880fccf-a240-4c62-9198-d929225f7274,Filewood,Twinn,3730.19,17/03/2022
9a297ffb-1c1a-45f7-841a-773c51e3e5f7,Flory,Wingar,6927.99,13/10/2021
7a53cdec-d461-4e61-acc2-ee2f061d812a,Tidman,Hens,7425.70,06/06/2021
06a9b415-56ee-47df-a03e-9f9fe257ee55,Chellam,Bradfield,1787.21,10/04/2022
2e5793d2-3fd4-4ee1-b772-311ec747b434,Vedyashkin,Bandt,3462.96,04/11/2021
40136701-47f0-4be0-9ac3-6de102baa988,Vasilov,McIlveen,4623.15,20/06/2021
7216c69b-a578-422a-b848-c244345b479f,Chaudret,Reddish,6554.95,12/02/2022
a91273cf-c7b6-4106-8b4a-83e69dd7e904,Gemmill,Buck,216.82,18/02/2022
3542e3c2-7a2d-4a8c-914a-46e56fced4ab,Krolak,Giacobo,5647.91,30/08/2021
0463b6aa-bfc9-4ada-8735-21b9717e805d,Pinnell,Docket,8693.48,14/05/2022
19f4bc81-c4f6-4be2-9aff-d95ff452958e,Bassil,McGeever,43.51,20/11/2021
be4c92f1-098d-44b2-9e0a-0bcf0da0ce0b,Southcomb,Gimbrett,5160.28,30/11/2021
2789b4f0-7085-4fe8-b1ec-ae544195f0b5,Brooker,Zini,7683.67,25/12/2021
a543590a-569a-48f2-8a32-50b1b6dc26f2,Alonso,Greatbach,9079.89,14/11/2021
ce89d00e-0be0-4a13-b1e7-04fecb9cb73b,Boulds,Cowdray,8405.40,20/01/2022
21eff1e7-1ac3-4a7d-a382-73b1ee7a893a,Mendel,Chartres,3753.21,27/01/2022
104c8380-8c2e-45df-87fa-970649b363b4,Zapata,Pepi,2673.27,10/11/2021
46d495d9-63c9-40c1-a19d-85d6a9e5a249,Cason,Klessmann,6374.54,09/05/2022
a7f67687-2755-45bf-9754-ad15b001335f,Mundie,Hazeldene,7652.16,12/04/2022
98339f83-df1f-48b6-ab5f-3b497e87d76a,Cresser,Stirland,5329.41,24/02/2022
25df6810-5488-4544-a185-b7cd8b86b74e,Bercher,Hitschke,6334.22,11/04/2022
3b425b09-05e0-4c8b-96eb-e69901b0a3eb,Samsworth,Bissiker,79.36,06/12/2021
c6448f34-198b-463e-87cd-938a8cb78163,Hould,Aulton,7940.81,06/02/2022
262c0237-a53a-4dd1-8614-aeea67404943,Blunkett,Reck,5197.97,27/03/2022
f3c53d5d-ca4c-4568-9b25-3d77cb56915d,Friese,Czajka,7810.67,06/06/2021
4260111b-7f0e-492c-8d6d-912e8f1f1bd5,Yaxley,Borland,8948.54,28/06/2021
ad4624c4-83a0-42b4-8f53-f5cddf651c55,Orneles,Drinkwater,7616.79,21/02/2022
52f64333-d0cd-4dff-a92b-301535e2f8c8,Dreinan,Brabant,3023.96,25/07/2021
5b465094-ad12-4e84-8b86-fadb4f3f6b59,Gonning,Birch,3594.63,21/07/2021
2d3d6570-66bd-4459-92df-d6ad1a62f325,Bryceson,Stubbington,932.71,24/09/2021
09c692aa-39d4-4886-b9e9-41e5e3cd5e80,Engley,Nickless,8413.63,20/12/2021
29224a2f-4857-47fb-8451-07bf0524f72b,Plain,Tonn,8757.95,25/09/2021
c72cce51-9682-4a1d-8e7d-1115e54593af,Lestor,Rizzetti,8659.75,09/10/2021
041d52d9-edc2-409b-bbf4-4ad5c3ad7138,Trowle,Wildes,2015.53,14/09/2021
b66ded7b-8078-4de7-af0a-291331d9be65,Gerritsma,Leathard,8269.52,06/03/2022
f9598757-a44f-46f4-8cbc-aa0ba012cc41,Lenormand,Broyd,6460.04,12/09/2021
081a0132-4eec-4a3c-81d0-cd36cb89488c,Sulman,Laphorn,2116.55,07/08/2021
ae12b3e4-1381-423a-8f49-d0b2fbba9009,Fishpoole,Djekic,794.55,15/08/2021
f2b80095-0d97-48ab-8a7e-8797847336fd,Boles,Robillart,4993.68,11/01/2022
8de5ea76-99ea-4a6e-bc97-e197041ae599,Dunstall,MacSkeagan,108.55,07/06/2021
76eec42a-8060-41d6-bfd6-23e902542275,Mora,Maria,8135.15,17/02/2022
cf809da7-c053-4f6e-adfa-467b61b732dd,Eite,MacEnelly,5955.39,01/09/2021
810e3a24-4330-4f11-bd38-0b258fd04ff1,Denslow,Milward,8070.96,11/05/2022
4c275d50-7956-48d6-baf5-ee701db04c9b,Cod,Shilito,5320.00,01/02/2022
309a2f6e-cd45-424f-a211-09cd89d4b019,Maseres,Sussans,4735.82,23/01/2022
fab505a9-2ca2-488d-a4ad-8c64f2a2f5ae,Watterson,Duckfield,11.26,25/05/2022
fe102a0f-1440-43e7-9dfc-0488c9852709,Lauritzen,Diggens,5245.59,20/11/2021
3fd4f642-a280-4c18-aaa2-0b8092726751,Garred,Covotto,1842.71,21/01/2022
28911b5e-5c90-41b4-8a9a-50bb41debd90,Bradick,Arlet,8579.59,22/05/2022
162abebd-c005-4c44-9bb8-dc64bfd134dc,Berthe,Sherbrooke,5725.82,20/10/2021
712ea81b-2f2c-4a73-ab50-3230909cdaf7,Ellen,Kmiec,3671.33,26/07/2021
baa68ad0-e911-4c2b-afda-86e7f5701406,Filkin,Bortolutti,9482.09,11/10/2021
0d41d83c-b316-4b4c-8c3d-be6f619c68e3,Lambard,Josephsen,5131.38,19/10/2021
77044c7d-5ac9-4736-b56f-3361e0cb7b13,Horwell,Boshier,5006.98,04/01/2022
17a48d99-6907-42e3-b700-afbcef21520e,Barthel,Ary,3629.46,09/04/2022
a1ed8fee-d800-4070-9dc6-b1e5d618c911,Gloyens,Baynard,3840.83,08/10/2021
67de804a-d8c2-4fe9-bc09-7a26ea1dd774,Pechard,Smee,1829.94,23/10/2021
952f2131-0957-407b-8871-f1d6145b892b,Rielly,Harwin,4795.44,15/10/2021
bb69de15-8664-40cd-bc5c-04bd91a4e9ee,Loney,Raulstone,8661.07,01/09/2021
a0421ded-1be1-4fdd-84d0-4761a122bd02,Pippard,Rosenthal,3994.04,04/03/2022
0b796945-a3cd-4dfa-bddb-e8d88ec49abe,Mulvin,Matusson,8111.19,23/07/2021
29b142a0-a39f-497f-b7b0-808a72e9842e,Semorad,Sieb,2488.47,30/05/2022
ea343084-8c1a-41cb-8821-8bcbcdeec7ba,O'Daly,Brick,3403.86,28/12/2021
35748dce-f86d-432b-a9d3-81525be6538a,Toseland,Malia,4501.87,11/04/2022
11e3a158-77d3-4cbf-a317-3f7586597671,Gibbins,Conti,2158.54,13/02/2022
8cc318da-a868-4091-b468-ec366e8d0261,Atkin,Cassidy,1043.34,16/06/2021
c4a86296-8873-461b-8aad-ecae48f4f227,Sutty,Aslie,7039.94,24/06/2021
e4e87743-a5f1-4321-9099-fd9da0269fc8,Carluccio,Karim,3125.99,15/08/2021
e6f7adf6-f478-4745-a94a-53830c3341cc,Cattermole,Dyas,1905.33,04/08/2021
79fc1d4d-f8a6-4f1e-abf2-8bad78ea6032,Vlasyuk,Straun,378.36,02/04/2022
743d6e71-0eeb-446e-9005-cb459bc535eb,Quillinane,Mallett,8436.52,12/12/2021
97ac657c-6d15-4900-8c00-c55699c19c95,Bazylets,Matityahu,8072.55,07/10/2021
b750d6c9-e3ad-4f8d-a2db-61e5748852c9,Holdren,Woodberry,8567.34,08/01/2022
5bec239d-89de-4e41-9793-5f740e1e2d4b,Beldham,Wellesley,3682.35,09/01/2022
b64b631d-e76d-457d-b995-0ce7b6a20555,Bellows,Bestwick,1418.35,22/07/2021
6678db38-4847-47ae-b3bd-ab776e8da817,Stood,Flawn,4944.28,15/11/2021
c0b4df54-8196-4ffe-8b7d-d79433523eee,Callow,Scutchings,5418.21,05/12/2021
74c847d3-0848-46ea-8725-9bb85b2993cc,Muckart,Rosensaft,300.63,22/05/2022
b7dbe61b-f2c2-4513-aa4c-c9209a46f044,Gress,Gylle,702.21,03/04/2022
b95677f0-0358-4eda-afea-b7f90c998d6b,Dunican,Habbergham,49.50,05/01/2022
ede01628-6b93-4d7a-9f86-50bb760650a3,Dusting,Soppett,8817.08,18/08/2021
e2d3afb4-63fc-490a-9085-a9516a112ebb,Polini,Murton,1148.44,14/04/2022
323ca315-fa67-4a3e-9b03-63fff691f399,Heggs,Donohoe,8614.67,02/07/2021
bee79356-af7e-4607-a931-275ac107151a,Blazi,Bainton,5878.19,13/02/2022
26379d7e-c2d6-46a2-9ddc-53f36400d51d,Hazeltine,Brimble,3368.55,25/03/2022
45c6ff4a-dfcd-44eb-bc43-e9cb9b918d52,Triplet,Dipple,1934.79,14/03/2022
394d29a5-877c-4826-9f6a-4922ca2c442a,Gockeler,O'Cullen,18.26,16/01/2022
a3903455-d8fa-4695-b049-3cf27f913e58,Ready,Boodle,5326.49,22/10/2021
1fe439ef-caef-48ea-a211-00c0cfea6356,Breawood,Oxlee,3953.72,07/08/2021
4909e885-3910-4ad0-a031-9ec1185762c7,Ghiraldi,Hassewell,9788.96,08/04/2022
41a0bc3f-3d03-469f-9562-23f9bf5f0127,MacTrustam,O'Geneay,8014.81,28/10/2021
0c0c0aad-b4e2-4d92-8b2e-a87fab160aea,Duckett,McIlwain,9293.66,17/02/2022
90f52748-cbea-40b4-bd4d-98f2dba4c8a2,O'Doogan,Ellsbury,9684.84,28/06/2021
a6114fea-eeab-48df-b256-24b174efb837,Niesing,Sarl,2848.72,22/10/2021
c342ad8c-cc8c-479e-92cd-15fffb2c5347,Matthessen,Guihen,994.74,15/07/2021
25bbf096-1aa1-431d-bbef-e1421c1c2863,Burnside,Farman,7607.65,03/07/2021
f1caa165-43b5-4c7d-ab2e-e4d7113d2c9c,Radbourn,Uttley,7551.12,05/04/2022
44d5caec-287f-466f-99ff-5e0abe4ee146,De Rye Barrett,Bister,5392.15,17/09/2021
6e7ce59d-dd86-4885-8f8d-2b1023a13575,Shipcott,Keyho,9299.40,30/06/2021
67d74dc9-a946-477b-9133-c0b8b89a6824,MacCracken,Escale,7815.62,13/02/2022
2973695e-2693-4abc-a419-193a3c38dd65,Lambard,Dombrell,5435.06,01/10/2021
ae11fe4f-c1f3-47b6-a33a-1b841ad9e236,Dmitr,Kiossel,2308.93,15/03/2022
f0a2e5b2-078d-49fc-a982-86cf86679190,Mullard,Elsy,1578.40,24/01/2022
0ca9da42-c0b2-4d6e-bda3-b5edc05a208a,Blaver,Feore,5679.06,18/09/2021
15793ea8-a740-41de-bf9e-71e148b0f61a,Tolhurst,Mangam,5422.71,29/07/2021
489448df-143a-4db3-b7f6-f43cd6615053,Tabourel,Landal,7380.62,17/06/2021
c99c9f3b-da72-4b82-bd14-2d880774e37f,Davenell,MacKowle,7771.00,28/10/2021
599f2e1a-e6fd-4986-b66f-2d0a3a173b3d,Flicker,Carlon,7394.67,07/08/2021
b74a800f-4af5-4220-a576-d12490daf97b,Mackstead,Ballingal,1597.01,04/11/2021
ce11289f-cb04-48fb-9398-bec74b727cbd,Newens,Cottam,6561.03,03/12/2021
680d6aea-9cf9-4fe5-80b8-238be02714bc,Gowar,Timms,3727.61,23/09/2021
05addc93-6d45-45f1-98d2-74d18b2d1032,Hedney,Seppey,4340.70,18/06/2021
b0048eac-bc24-453d-9b07-76568ec20462,January,Hadeke,2681.78,27/07/2021
62a7ab06-ac02-4397-814e-ac372a3714d6,Frangleton,Magnus,7208.60,18/06/2021
f48f8a32-8c16-4980-8e2e-46bbbb9552c4,Arndt,Whistlecraft,2943.18,28/04/2022
cd64106d-020a-4d8b-8cc8-1d151aae3de8,Swithenby,Govier,7631.92,08/11/2021
c5a506d4-11ae-41b0-8b69-6e39d59737ad,Fairnie,Maffetti,7810.06,23/10/2021
65e1e1f6-e879-4320-9cde-535676dddd48,Lambrick,Scarlet,5572.76,21/04/2022
20e297ab-a26b-465a-aaee-c32eadc936bf,Dalrymple,Mattecot,5465.81,27/02/2022
42bb89ea-3864-4bf7-8d2b-abaa176bbe61,Wardingly,Saywell,5115.59,27/09/2021
79534de5-1ae7-4e6a-af5b-34fcb7a62446,Barti,Legerton,4929.15,30/12/2021
9749dcfb-802e-41d4-a02c-c142804c605c,Pyner,Vanni,2689.82,06/06/2021
3be35224-dfec-451d-ada5-18d73ae902e3,Kennan,Turnock,529.88,10/02/2022
c52c7e47-193a-486a-ad82-edcbccb856ee,Wroughton,Cosgriff,7364.03,03/12/2021
9436c378-f31e-456e-b0e6-16025bd19dcc,Claricoats,Springer,6344.78,03/10/2021
c5511241-4782-4883-8a40-05b5d297913d,Dykas,Woodyatt,9081.63,28/04/2022
174b7ebc-e39f-4d02-b5e2-d42e82006678,Alliott,Strelitzki,8910.79,05/01/2022
35996b1d-d3ef-4bab-b7cf-8c439a6cff39,Strangeway,McCulloch,5672.22,11/04/2022
a46d2616-15fd-4ce2-b943-e2a3952a22a3,Northcliffe,Zipsell,7863.35,01/12/2021
3616a671-5026-4f09-9ac0-e518dac49479,Bussy,Rannells,2255.47,09/05/2022
b96c3a56-276a-4f62-b37a-b2d2fb58b674,Kleinzweig,Rentz,6345.73,10/08/2021
be14cdbe-2d45-4814-b683-832b5e9a9062,Perigo,Dell,888.36,24/06/2021
ebcc3e3d-d279-414e-be27-79bb091db4f9,Boundy,Merrick,6856.94,18/09/2021
bfad1954-0d3c-427a-bb5c-c804f594fc5c,Gasker,Jutson,9075.13,13/05/2022
22e5b1f3-7053-49bb-b1c2-e6390359981d,Mougin,Mikalski,4357.56,26/01/2022
66c8713d-fb57-4f8a-aaf6-cf8ff6bdcb5b,Trevers,Canner,2398.48,19/07/2021
21567682-0fc1-4fd8-9979-fa97a922a4a5,McLellan,Sahnow,1397.90,12/03/2022
1965d87d-12ec-4066-8c4c-c4b8e51f8654,Binnes,Hosburn,1689.72,13/02/2022
35221f63-1c66-417f-903a-8fe417f9d444,Sandifer,Maron,2165.01,11/11/2021
be882c0e-e914-4006-ba40-4ec9dd912617,Elmore,Beams,5317.68,15/01/2022
c1773015-fc9c-4606-9083-c26982318ba6,Perrelle,Scholz,7511.72,16/04/2022
e442040a-540f-441d-9d3f-0a778ed941d4,Bruyet,Dodge,1872.47,18/07/2021
fca35d1e-a341-44da-b91c-432f28973e43,Ervin,Puncher,2491.95,09/10/2021
9dc755d8-4f2c-40e8-b565-2c68f0d772e2,McCaughren,Leve,9395.37,01/02/2022
cb76a57a-6563-47fe-9eda-d5cec15e1f87,Di Bernardo,Taverner,186.54,28/11/2021
e1778c60-4b38-4c1b-92c1-2c52bbf4d6e4,Depper,Cranage,5745.99,14/12/2021
343bce5b-b8e6-44bd-a6f6-f61409565d1d,Payton,Tampin,5327.68,12/10/2021
39cb850a-de2d-4e1c-9a5d-d48f468583c5,Peirpoint,Bosson,3341.39,05/08/2021
7536852f-1dbb-48a6-9a41-3aab9e41b10b,McCarle,Leser,2896.14,29/06/2021
ba8b84dc-761d-472d-85f5-864fa279ee3f,Paice,Lezemore,3501.05,07/09/2021
73e5f072-b671-48a3-af2f-fff6ca2b6cbe,Bedboro,Laban,2392.82,25/06/2021
128744b4-c362-49b3-931a-54208da2c3ad,MacDwyer,Postill,7191.88,03/04/2022
e8517422-de62-4374-a3ff-7fe540273687,Hammett,Downton,306.46,27/06/2021
4145bb80-4c62-4c93-b764-a3277a54bb1b,Tosspell,Yacob,5332.45,14/03/2022
f723bcc2-6024-4a70-8813-aab3d6387ff6,Puddle,Cabral,5580.13,14/11/2021
7fb415d8-04e4-4b0d-b724-0a8b5c07d026,Thoumasson,Alban,1781.28,03/12/2021
81411bdc-4297-4814-9aa1-850ad464a6fb,Blay,Braunle,7630.35,27/01/2022
682f1fdc-654c-4723-b29a-92848bfe6ec0,Lowde,Pitt,6585.46,23/06/2021
0bae9336-b24e-4292-adf3-aad707fd9ce7,Tomas,Furniss,4737.88,09/11/2021
701bfb1e-8e72-46bb-9103-1824c880ee5e,Mattisson,Gercke,9550.94,16/01/2022
b16ce0cb-84b9-4746-b8f8-626ce54ce089,Mynard,Hartell,9440.95,22/02/2022
b8081c4c-86aa-4e89-aa43-923694066d4c,Yakhin,Huonic,8484.18,03/04/2022
aaece0fe-ee5e-4260-8d08-d3485284d376,Raymont,Stirman,7733.35,14/06/2021
6c9a61c9-a9c0-4055-8937-76adeb692bec,Grimwad,Vigors,2362.23,18/12/2021
461c305b-4f6a-45d2-9fd5-b8bf755cfd81,Connolly,Ruos,9712.47,09/02/2022
8dce2afa-c614-4a32-aae6-070827d08eef,Von Brook,McGraffin,1315.30,15/08/2021
b19ca0aa-5e25-4d64-b030-13f7b3bbd7c1,Frankel,Kennicott,6833.33,02/08/2021
afa87f26-927c-4799-bfc2-0578d565d771,Hesbrook,Palser,6869.20,25/12/2021
c92a550a-6e9d-4b9c-aa36-43db1cdce17b,Ilyushkin,Gobolos,5686.79,21/10/2021
7bf9725c-c6ff-49fa-8a49-b1cc19628455,Tenaunt,Gully,2805.86,24/06/2021
f5da5bf5-a932-4bfd-bb3a-dc6976f2ba8b,Titt,Cowie,7503.18,24/11/2021
1b3cb18c-2399-44d7-8802-95fd12f3e00f,Lawee,Lounds,8485.59,22/01/2022
c28db7b9-f292-45c5-b4b3-2d51b35b7fd7,Pettis,Aicken,2766.51,17/12/2021
33a1a641-8497-4904-b5b0-f2c258ed1468,Bakeup,Cribbin,5840.63,09/07/2021
9742bb6b-b672-4049-be35-e4b8bc40f851,Chastan,Pinshon,7044.22,10/05/2022
7f7d81dc-6291-415c-9034-f2d4b17e1f06,Maleham,Kopp,526.11,16/05/2022
0dc9184c-98dd-4af8-9f29-17791144d6b4,Dunford,Perillo,3966.64,22/09/2021
32c2823a-69d2-4b90-80ec-bc39c5d64b7c,Petican,Rummin,7128.85,24/02/2022
cb570134-d582-46b6-a510-964fc8f4d1a3,Manifield,Okey,8216.40,25/03/2022
2326ce12-4b4d-4dab-be73-6ede1d07b5db,Dundin,Glason,9705.17,16/04/2022
48f5337c-0857-49d7-8a59-4c75e7c9ec91,Divell,Burrass,7768.30,19/08/2021
a4381be7-a03c-4137-ac05-1e3158f41a45,Yude,Topping,9364.04,08/07/2021
ca07b999-d65a-4d4b-9b1f-5df3979a03a2,Cheeld,Suggett,3427.99,23/09/2021
bd0efd89-fd4e-4fed-ae1f-f25798760ba8,Rochester,Harbertson,2841.61,26/06/2021
b820283d-22c6-4a8d-84b7-b3aef89f26b8,Gundrey,Fontes,7577.91,12/04/2022
200dd9f3-48a2-4415-b4db-ea5405a82e9f,Hefforde,Handforth,6460.64,06/09/2021
68ff7920-b766-4f00-b185-c9443ad35f2c,Le Noire,Devine,7585.97,17/02/2022
fb902209-d784-44f2-a139-aad70608f4c2,Melly,Figiovanni,5557.95,27/02/2022
04d83991-fc7c-4391-a5ef-43c76599b832,Torel,Bosdet,806.00,12/11/2021
50f5dab5-9175-4f14-ab79-4a8bd288aaf1,McGrann,Cradey,6330.64,30/09/2021
bc244bc3-334b-4594-80b3-a246de953398,Consterdine,Napoleone,9018.56,14/02/2022
5ec4dbce-bdd7-41bf-bea9-1404e4cecb8a,Olenov,Winton,469.02,19/02/2022
19a6cb47-61bc-4aa0-b877-955f4dd164d3,Kowalski,Gleader,436.17,24/11/2021
4893a926-528f-4d38-a796-8c24c9765f1a,Whitehead,Scudders,8169.35,22/01/2022
312d0acf-1123-46cf-b489-d721139d5b59,Regelous,Bockings,9005.12,13/01/2022
d1a5d72c-29ff-4317-833c-cde84086658c,Beldan,Annott,5047.67,21/07/2021
818c2815-e67e-4e98-a088-65bd7b4afa18,Gummory,Searight,697.34,17/07/2021
fd06a9dc-187e-43f3-b31c-00791e21a4eb,Learmount,Stockwell,2895.40,19/10/2021
b030e838-c6ca-4525-aaae-d4747f905467,Rivalland,MacCague,6536.67,15/06/2021
e088f334-18f0-4214-9979-de4411aa0dc5,Benka,Dundendale,323.46,16/10/2021
058da96b-d45b-4c2b-a35a-d22b3cbeaf58,Pechell,Swanson,8188.18,07/12/2021
c8978eab-273f-4899-b52e-5b21d85eadf5,Lowle,Murtimer,3378.87,03/04/2022
ce6689ee-070a-4b41-98cf-fedf8ac592e0,Hefforde,Mattusevich,8086.89,10/02/2022
60816ef0-5517-4a44-939b-1bfa41872e03,Marriner,Fearon,3721.65,17/08/2021
79e6e437-1ed4-4ddc-928b-9c81e25fe729,Leyrroyd,Halwood,6441.94,23/11/2021
a62c1f9e-7276-4096-bf9f-d942bb314e3e,Shackleford,Hatt,9965.57,23/03/2022
2195d5ee-35ee-433c-81f1-73ec3d4035be,Cecere,Gunnell,2472.69,14/02/2022
03c0be67-c3d8-4194-a60f-9033eb6692c1,Siveter,Waistall,7645.31,29/04/2022
db4864f9-2199-4c88-9225-4de2274348a1,Kahn,Giacomuzzo,523.26,12/12/2021
a79a104b-663f-4bf1-815b-261db6db5738,Pearson,Curro,5809.57,11/02/2022
11020454-08e3-4cf4-8c4b-b2a2ce7aaf4f,Dugan,Braniff,1283.75,31/07/2021
9e2957d0-cb71-4ab9-b9aa-1a59a2cc5e10,Eddowis,Apfel,1926.06,05/07/2021
dc78c558-458f-48d7-9165-cbb122575834,Glen,Jackman,9149.82,30/03/2022
f3280ed0-5ef2-4620-8a75-f71648fb1815,Schumacher,De Witt,3010.18,06/02/2022
d9897cee-33fd-4fbd-ad55-dbd0ca15ddd1,Eliesco,Haggar,4325.46,06/07/2021
0302bbe7-47c8-4ba0-a17a-4615b9dcf296,Corse,Wyard,612.89,14/01/2022
5c361c9f-4f2a-4f4b-9057-57d33898a6f3,Maty,Dyett,2045.44,23/07/2021
159e0a69-fa0c-4051-918c-99c7a69962c6,Sparshatt,Gerholz,6378.46,27/07/2021
502cd2aa-e52d-4a4c-a8af-1377c67a1e38,Petigrew,Parnall,7592.33,25/01/2022
e43e204a-1606-4371-8ddf-1da159a9197e,Karczinski,Westby,9955.02,18/03/2022
a25ea78a-8d69-49e6-8868-383340174730,Prophet,Sedgeworth,7645.68,24/07/2021
0e12056f-f58c-4b8a-a58b-e3df11735089,Simo,Keson,1620.29,28/06/2021
b0f50f02-ec26-4cd9-886d-cc3ac6f95110,Yatman,Bewly,7701.24,07/12/2021
b829ea40-d8b7-4a2b-89d4-94d61ff207c2,Levee,Bedbury,1306.63,03/02/2022
c9d2c072-9947-4323-ae28-3946bdac325a,Eburne,Straffon,7674.16,01/12/2021
005337db-5d73-43c0-b08f-43fb4386bb60,O' Loughran,Brummitt,9886.04,08/02/2022
38120700-3ca7-4b8f-bc43-15ad4959687b,Paling,Durgan,7153.30,21/12/2021
9a446661-a30f-4dfc-ba7a-173805b92736,Parlatt,Rouch,6280.15,05/07/2021
381a1e79-ddea-41d2-be47-802641f42128,Baskeyfield,Bloomfield,4219.88,25/06/2021
67f5d876-fa53-4d89-a1cb-c3a452169cdb,Peebles,Soffe,1796.00,09/06/2021
1260b0a1-0905-49a8-b0cf-c4558694950a,Tanswill,Cavan,2879.14,17/05/2022
468fbeda-fdbd-468e-b902-b56cae738902,Drackford,Gapp,6015.33,21/01/2022
61110a4c-050e-4d17-900c-c10531fb6cd7,McCheyne,Blind,4627.25,29/03/2022
69ae2656-36f4-467c-9e72-506be0daa784,Jane,Bittany,9479.70,08/06/2021
bf27e438-6116-44b8-81b8-9aae717dc19c,Farn,Karlqvist,1063.07,31/10/2021
9af9bd6b-6219-4d07-8a2d-2122e34dcc6f,Gumbrell,Benez,9497.32,27/09/2021
2fab4453-4c26-4795-ae7d-5fb272a2f706,Mumberson,Mendus,4260.28,01/03/2022
021867ee-0390-4407-8ea0-2bce2763d14e,Yule,Yurchenko,3338.83,04/03/2022
2d924f5f-f836-415f-953b-699f5ef95a3f,Ternouth,Fensome,6066.29,29/03/2022
de37602e-b8f2-46cd-948d-21f9971b4b64,Leban,Turmell,646.25,23/01/2022
fa79403f-bd57-4934-a209-34d39b030558,Fargher,Friary,8910.18,21/06/2021
dba7d311-2f4d-4a72-b20c-608e2c372110,Moseley,Pallas,2411.07,26/12/2021
fa55a5d1-8b6e-418a-bd14-5107ba53e64d,Dibbert,Marsters,9797.83,30/03/2022
f84030cd-c632-47a0-b02f-d980cfbcb39e,O'Nolan,Durning,4042.53,15/08/2021
95d8e62b-a75f-4ee9-972f-e6f5fe5cdc83,Dursley,Linck,909.82,23/06/2021
a49fcce4-9fde-4fdb-abbe-36b6732dbc46,Shingfield,Olyet,207.80,03/03/2022
635fab05-3714-4a68-bc2d-d8f150367584,Gavigan,Horlick,4633.38,25/09/2021
76b4ad4f-4c90-4954-a273-0c2be7c4c640,Haresign,Groarty,6741.88,21/10/2021
5a0a47e8-5ba1-404d-b4fb-2da3b5d15711,Work,Dubery,1119.67,03/05/2022
5cfaf42a-935a-45c1-9759-521c9e7a89ef,Guinnane,Rubega,3620.98,06/03/2022
a4c673ef-6e92-4957-965f-e068aeb11e2a,Smedmore,Paylie,1708.78,14/07/2021
7f928b2c-6cda-4fbc-9cbf-45775487ceec,Bottrill,Nathan,998.37,15/09/2021
da317925-4828-46a0-8db6-fcce5b91d6a4,Mellmer,Laxen,2427.39,04/02/2022
16be37c3-a6ea-4373-8438-1b28d2ced9f0,Grichukhin,Harden,3385.90,07/06/2021
4491c779-96c1-4e3f-8141-a8c10c90ad7f,McGeneay,Pasmore,9362.78,04/08/2021
cf2953f1-28f9-4e8c-80bd-d3c25863302c,Kettell,Currie,5565.30,07/07/2021
7ac82809-c058-4a50-8562-7083c46f99d0,Sexton,Sneesbie,914.31,08/05/2022
38cda5df-36fb-46b9-80ed-041c74a4a218,Sigward,Austen,2453.01,31/03/2022
9c2864f7-a7d5-4209-a175-e38fe1ab29d9,Harburtson,Pidgeley,2521.61,11/02/2022
04108bf5-bd75-4110-b0ac-c58b8f68bb5f,Ramel,Jura,9677.34,15/11/2021
f36ddb8c-2889-4bd5-b7cb-d1c0be332dcc,Chiese,Ryman,5783.91,01/11/2021
1638e881-150d-4565-9fbf-ee48b9ace97c,Michel,Desesquelle,7534.86,29/08/2021
cb22450d-1c19-4cd4-8a7c-61ac5f9a6018,Insall,Ofer,9110.11,13/08/2021
eb5a188e-ff9c-4449-8fae-52b63fc4032e,Lambis,Powdrill,3996.26,15/12/2021
397e4493-eb23-4f5e-a48a-80eb81c1c542,Snowling,Mundwell,6663.83,24/02/2022
ddbdbbac-516b-4f40-8890-65de5788f638,Ure,Gouldbourn,4336.82,11/08/2021
a6f5dad1-ae38-49c8-a8b8-f544a8d40e86,St. Aubyn,Fitchett,8865.21,01/07/2021
9ac9eb23-3d23-4867-bbda-896253c165d1,Garnar,Scamp,7540.81,25/05/2022
7b304e5d-e5a2-4536-8946-c4dfacaf3277,Probat,Wisdom,3131.59,02/07/2021
dbe36945-26de-4341-b389-06d9c1dbc1cb,Boam,Priddie,2512.00,31/08/2021
5057c08a-4933-4ef4-ae7f-e69e2470ea37,Switsur,D'Cruze,6060.42,08/11/2021
f37d16eb-f534-431d-ad1f-e99d310841bc,Khoter,Skures,6017.58,21/08/2021
f166d02f-8e7c-416f-a79c-0ae8255e7f98,O'Luney,Gladhill,6411.43,17/12/2021
734b7ae8-beea-4950-b003-38a56189a198,Vawton,Yurikov,2856.30,28/05/2022
14cb1568-aa71-452d-8f84-775e9dba0f31,Rumble,Gulland,4673.53,29/12/2021
e816111f-f37f-4bef-9848-6ef7eb7848ff,Vidloc,Sawney,8811.58,04/12/2021
660ae346-d59c-45f5-9af9-433babf0d265,O'Monahan,Yannoni,1117.67,10/12/2021
def92f92-d1e9-44c3-8c35-fc2a43b7242c,Barthot,McMillian,3856.32,01/10/2021
437e95b4-6145-4eb8-9c96-d554d9a086b1,Fenning,Mannooch,5978.78,22/12/2021
195089fa-db58-41fb-bb92-bd52f0af2e7f,Drogan,Rookeby,607.72,14/12/2021
51be3c54-25e1-499c-b834-479cd7835689,Kinsella,Pidgeley,5216.87,19/06/2021
17daf104-dd1d-41e7-8152-96b6f2535ffb,Puve,Jozefowicz,3092.45,06/02/2022
4ce44a4e-3323-4916-a2be-4ae921f45574,Berzins,Nasey,8943.04,23/06/2021
f75edf77-886a-4b67-8dc8-75b5bec2816c,D'Costa,Shipton,1109.44,19/01/2022
b8b0fd78-6815-42a3-a203-e845ab99d752,Wrixon,Ovett,147.90,25/10/2021
7819df2f-c662-4866-8fd5-4967a682678f,Myatt,Brounsell,9693.88,14/07/2021
f7146104-240b-41b0-941e-264e55edd92d,Dolder,Rubee,5939.29,25/03/2022
2f90e91b-5738-467c-a409-8914473825bf,Dittson,Landal,5157.35,12/07/2021
98404bf6-2621-4640-a3d1-d3fc79dd5b65,Sivill,Andretti,8260.22,01/04/2022
50aa8905-b77a-4214-aab7-0bdf2a0bca2a,Andreev,Warnock,7691.25,29/07/2021
edb2a852-dc10-4cf7-96da-3d443b5217fd,Hawley,Masi,6339.28,28/11/2021
8a8c0ed9-7b82-4a2a-b63b-2bc5a17e811f,Softley,Cavilla,7389.51,17/02/2022
3f48e8fc-0af1-42e2-a3ad-7e96fdade5f0,Wybron,Colwill,5048.52,24/03/2022
cf6615ad-1d96-4a39-a38e-50fbc5594734,Rapkins,Charlton,913.34,18/12/2021
de9a78d4-6835-437f-bd75-7b42aebe6e66,Shone,Dallemore,1930.30,03/07/2021
e7005bc1-e10b-4ee9-97c6-f4633a7528e2,Bracher,Tupie,1401.10,27/08/2021
4e10c172-4d6b-4aa4-9270-c95d4b656153,Sedgemond,Cahani,2603.33,25/06/2021
3c7a667e-a12b-4b34-8201-4c58e7e2e26a,Hargie,Townrow,6385.43,09/09/2021
b839d1d2-c93f-4b9d-86a6-b2b8613a7d3c,Terney,Gallaway,3400.98,05/06/2022
d5f996fc-01ae-4ddf-a885-82026117b826,Orsay,Mainland,1851.49,28/09/2021
c5d89d39-2702-4d6a-a63d-29b3ffdf3b6f,Gallgher,Worsall,666.62,21/09/2021
660c41a8-507e-425c-b7b2-c601288296e1,Capon,Rowston,4398.82,04/06/2022
6892aaa3-416d-4825-bf1d-8a85e39f493b,MacMickan,Le Borgne,8193.90,07/11/2021
78e2fc0a-25a7-4680-b1c5-ebe12090a326,Marlowe,Testo,2293.94,26/10/2021
430ca6eb-2d62-4b78-b12c-5bc358972c66,Croutear,Monkton,4997.30,15/11/2021
3ad9141a-4e23-49a3-ac7f-4e40819c7f1d,Hylton,Mackstead,5949.27,31/08/2021
14e894f8-d5bc-4267-9355-1fbcad059e07,Kilfoyle,Pavel,2088.34,10/11/2021
3c24a40b-706a-44a9-a387-e83972f0cc9e,Caseley,Barz,7017.84,24/11/2021
3657a499-048d-4194-8d13-05e3d94919ed,Clover,Sackett,3634.41,28/02/2022
fc562654-36e0-4289-b9b0-9efe31ac9af4,Proud,Commucci,2822.33,07/04/2022
311e08ae-cf78-4d6d-9f93-27c5a9b4c3ae,Minot,Holhouse,9293.50,06/05/2022
b46dc445-b1c0-4057-b6c6-9e4a06fc0e4c,Denison,Stolberg,1012.94,05/04/2022
28399d8b-0fdc-4809-9daa-07e55df5af76,Udell,Mughal,199.82,12/02/2022
7b226f51-a85f-4157-8372-c9624f6872c6,Malbon,Bates,3585.56,18/04/2022
d69b67f9-fb0c-4e5e-a122-b1b60bb4426e,Blair,Bontein,6535.08,12/01/2022
3423cb52-ae77-4f00-bf02-da97ebc91236,Darcy,Madders,9202.45,28/05/2022
c21b59ff-f1cc-44b8-aa5a-2a321bcb2a63,Tearle,Jozwicki,8305.35,12/09/2021
cea82997-ed4f-4581-919d-122d214be138,Farquharson,Whitebread,7741.62,02/11/2021
7adafb81-767b-4d20-a22e-68c602d1502c,Iddiens,Philpot,973.87,26/08/2021
7730b3d3-dbd5-4150-8b44-95ade883c083,Kahane,Armor,941.05,31/05/2022
ae66d747-a8df-4806-b72a-dc59158e930d,Petrollo,Khidr,3936.83,07/06/2021
eb2931b0-6fcd-440d-a63d-b2800aade4a1,Guterson,Davinet,8099.75,03/06/2022
cfce31a0-fc65-4848-bf60-e89faaf2bcdb,Ohlsen,Shemmin,1630.81,08/01/2022
1fcf6238-56ad-4d67-8a07-3be0c032b114,Dumbell,Brocks,9772.46,25/12/2021
d0a013d0-6e89-4441-bcb3-774346100ec1,Ollerhead,Aries,6618.93,06/03/2022
c2741a6e-98b4-4852-b388-90fbfa498fca,Raithbie,Jugging,2678.55,13/08/2021
55a2039c-4490-42a2-bbe0-0bf3fa2454ce,Simmans,Tunuy,2364.39,20/01/2022
13b9ef85-509b-4478-ba12-752ea72a601b,Babb,Tunny,3827.03,19/12/2021
0a974b1e-797b-4f19-b26c-287a7aab3fe3,McClunaghan,Wilcockes,6863.34,16/03/2022
dfa655f7-3856-48c0-996b-5fcf997fcffb,Simnor,Quenby,1613.89,10/10/2021
5733bc0d-6bd6-406f-a149-94f290fccb32,Sheehan,Haining,1858.21,29/07/2021
a2d50555-a988-4a78-be55-1de1b87fbc56,Kraut,Brownsall,609.32,03/02/2022
713b08e5-7d3f-4e02-9f41-5b3198124981,Heaney`,Armstrong,1243.95,08/03/2022
63ebcea1-6bf6-43bb-91d1-8e0b5bc12d01,Fenners,Spearman,4034.55,23/05/2022
f30219a3-20b2-4eeb-9b74-5aedf46d3111,Sage,Beardwood,572.84,16/07/2021
d6610ba5-e135-4540-b839-8bb8d60cfdec,Hiscoe,Elcom,8568.23,17/11/2021
d55e5ec6-05c2-43a7-aebf-1794d2d3ac86,Barnewall,Dodgshon,4251.87,14/10/2021
39c1e59e-3395-47a9-8b80-e1b90fa8967c,Duinbleton,Wilkerson,274.40,07/08/2021
fffb2d80-3048-4be0-8a20-997b05e7d624,Keegan,Fogel,724.96,20/10/2021
039eb922-c8aa-4af7-851a-947b621fbc73,Flanigan,Neild,6065.90,25/04/2022
a2d81b13-a080-4e42-9300-6550dbb8d470,Bramall,Bazek,7278.51,30/11/2021
4d7af974-df01-463d-9fc2-fa0e274aee28,De Roberto,McCarter,981.32,18/06/2021
6cb0a0c4-f484-4a87-82a4-0fb618fe91d1,Wyer,Jacobowits,7724.53,13/10/2021
b495d5a6-7766-4ed3-a5c8-f77100e19b7b,Patzelt,Blewett,6586.07,22/04/2022
4506c22a-4c07-41db-aa05-46758c4e68e9,Bletso,Hatherley,7840.27,05/08/2021
0147ba1f-b5e1-4d4a-a08f-fff9c9d64984,Ryland,Smithson,612.51,07/01/2022
c5b36284-00e8-47ee-bd4c-4bd727de2ea0,Douglass,Malone,8407.78,15/04/2022
eb1fadd7-47a2-4eeb-ba6b-80423c292640,Hicks,Billam,3564.94,27/12/2021
54bf62f2-a383-4ff8-b28f-b618238f1b29,Holberry,Driffill,9622.79,16/10/2021
ce9fe7ec-fe4d-43f6-a675-5e5bd22c3318,Hatcher,Hookes,8365.90,01/06/2022
63c20cbe-7365-40b5-8256-1a3d3bdce9c5,Eayres,O'Neil,6002.02,13/07/2021
7ac95bce-aa4a-418d-8b7b-ecdf43fe7c5e,Saunier,Tarren,137.08,04/02/2022
ee7aa9b6-8a87-4b76-824b-db59f56cf320,Trusty,Tunna,6218.98,06/12/2021
71d402a2-4d61-4321-b962-47946082ee8b,Jillions,Balaisot,2420.58,28/10/2021
84b8243f-3abc-4b91-b015-0778fe670c1f,Teale,Banville,9653.68,06/04/2022
267a0474-be07-4164-bdd3-ba75f27806d0,Coneybeare,Gotcher,7642.02,05/12/2021
444d5eb4-abbe-474c-af2e-b36fc75fa7e0,McAmish,Cottam,6709.72,23/03/2022
8dc330e4-ad82-41d0-99e2-c47508c662b9,Franzolini,Gauson,8957.39,16/09/2021
ebf91e7c-0fee-4d75-a415-aacc0836033b,Kynoch,Gladwish,6673.70,20/07/2021
f03ec907-6956-4d93-9c6a-7626e28f414a,Abrahams,Brumpton,375.29,02/02/2022
c0c86abd-a009-4a40-9854-202dc31ae825,Lafranconi,Gregol,5668.52,30/10/2021
78266ac2-4d50-4696-9776-3eeaac57943a,Farnan,Bromidge,3188.73,13/03/2022
9f5c6f4d-1d0f-4bc3-9c48-a4473441966f,Caroli,Culham,8670.73,16/01/2022
91252b00-a96f-4c0c-98e2-cb96cc8c5598,Ciccarelli,Stollenwerck,7845.71,20/08/2021
aff4b701-8cba-496a-87cd-9d8e09bfeb75,Segot,Tungay,6023.30,20/01/2022
0da43372-e2da-4239-b67b-0f6b5a116a01,Cathesyed,Ind,1987.74,06/03/2022
eb5ab886-9cb6-40c0-8f23-fb0d2ee84b30,Woosnam,Hardistry,3757.20,17/10/2021
3d5da3de-0371-4798-96eb-f61da3c80d23,Popping,Panter,5797.23,01/12/2021
baf51f4c-7eab-43c7-a54a-43625f0b7070,Jaggi,Tireman,6338.85,18/12/2021
c6697e46-110b-4ddf-9f73-1e93ef9d10c6,Zammitt,Langridge,5915.77,05/10/2021
88f76f53-9bf5-4d8a-bf24-294ecb8016cb,Revie,Rehm,1937.50,24/02/2022
20f351dc-dd0f-498a-8e96-8db27bf314b8,Eastcourt,Marron,3377.92,05/03/2022
3a57481f-7d60-4442-9e37-efcf52dee189,Dannohl,Regi,8463.19,20/12/2021
c32cabd0-c0ec-4771-84a8-82ba414cffa7,Minchinton,Garric,291.78,05/04/2022
bb358a13-9f38-4c4f-9875-08bd4872b3b3,Gutteridge,Ringwood,1274.25,23/06/2021
8fd62156-4ae0-4a31-8e3b-3dd874a8817d,Gameson,Gregoli,7381.19,07/08/2021
413e3888-730b-42c4-bd8b-dcb04acae017,Lindstrom,Abramowsky,1777.05,09/09/2021
1c196ee0-4595-41de-be23-a13cd1c1cba6,Drains,Nolli,1582.93,01/05/2022
cffed82c-52b9-4405-b9f8-8217352e590f,Gilvear,Riccard,2549.84,03/02/2022
824cb5b0-5f3d-4eee-9cd4-0e61af1891ab,Whickman,Courtier,3049.40,16/02/2022
b7532e7b-03ab-4dea-9f7f-7f1105b2e85b,McIntosh,Child,6841.47,25/12/2021
aa04cdae-a0d2-4392-99ed-0e15a106918c,Oaker,Found,8228.81,12/05/2022
1f38ec02-f3b3-474b-a002-0710c0b5ccb5,Skitch,Frankowski,2813.64,15/12/2021
7eddb28d-dde6-49b6-8a3f-f7d14dc69654,Durn,Beetlestone,3326.26,02/03/2022
0eaca94f-1f3f-48d3-84f7-d485c9630598,Nother,Fattorini,2891.59,30/06/2021
406ce4a0-8c3e-415c-a194-925649861da7,Longhorn,Corbett,6576.75,04/05/2022
ce99c649-1df8-46f9-bc53-dbac0e94b4c5,Larmuth,Lissandre,4352.68,02/03/2022
994c4bf8-d7a6-4486-aeee-9daa9b7b67ed,Epilet,Stalman,8896.89,24/06/2021
5039da1c-e456-4aae-9eee-db06e8e77870,Demageard,Lokier,7298.68,08/07/2021
40d65dc7-6216-471c-b96d-51a4fcfd1e40,Ingleton,Bezley,3249.58,16/12/2021
2deee9f2-dfad-431a-81b8-6308b64a9767,Markl,Langstaff,8059.99,26/09/2021
a714811d-626c-4135-bf22-958f61b91633,Saby,Simionescu,4665.49,23/10/2021
22ca6bc7-46c8-4658-b710-0cd350ed71e1,Gierardi,Bounds,3390.76,22/03/2022
7efdd026-7694-45d4-a8a1-3bcf12fc2c7b,Trevaskis,Godier,9910.08,07/07/2021
2bd60707-dbfd-42fc-a5e9-0a4bca4d0daf,Dumblton,Carriage,7812.65,11/10/2021
5546889d-0747-40e6-a70d-14bb3ebc43cb,Ciccone,Jaskowicz,67.26,29/06/2021
05e8f69d-4e34-4948-a012-27d518905e8b,Blogg,Rainon,8020.74,06/01/2022
f637105e-1f73-4f09-a061-edf81bee23ad,Danelutti,Blankenship,9015.82,17/08/2021
6b3a242f-f29f-4f9b-a1d1-5f52671fd43d,Le feaver,Caldron,5204.25,05/06/2022
aa116881-850c-4155-b576-5d419cd7a247,MacShirrie,Maier,29.46,05/09/2021
0ab791f2-4dc5-408a-8df6-fdc12e25c857,Frane,Breitling,4357.94,19/05/2022
4e2bd7dd-d59e-49a1-a678-8707e058855e,Tackley,Gillitt,8488.46,23/01/2022
93808525-f983-44e0-810b-0ef8f5db8988,Sidnell,Isted,2272.31,01/03/2022
a555bb9c-8166-4e00-b340-65e55e29d354,Cesaric,Cressey,5070.93,10/05/2022
caf0eda4-7aee-4911-9e97-26e3e9718ac9,Jesse,Walkowski,8391.34,12/02/2022
ff0d632c-8799-450e-ab6b-6f47ad521ea5,Lambswood,Lorek,7475.16,10/05/2022
63c2737f-35c4-456a-b138-71510df431d8,Wegener,Pepperell,8256.69,31/05/2022
cfe1721e-79f4-41c9-ba0e-0b0de2c827dc,Daud,Matts,2849.07,03/02/2022
a1883fbe-4a44-4d04-bcfb-fef310752b92,Ciccarelli,Crosgrove,9669.52,14/12/2021
51c54697-1b6b-40fb-b6d8-05a374c7f90f,Tillot,Millins,2916.00,28/05/2022
d8df82f6-83b9-4465-bb42-548d8b9bacdd,McCann,Gergolet,3020.33,22/01/2022
73841c03-90ed-42bf-b002-eb4c073aa41a,Went,Costin,2706.22,26/05/2022
b939e979-ec73-42b2-b884-2e05cf73e90a,Jevon,Magne,27.16,21/09/2021
83b5a5d0-1adc-4a21-9922-251df90b0cd8,Yakubovich,Ruecastle,1109.61,09/03/2022
a84fd911-0d91-41f9-91b0-f524bbc88887,Rudinger,Welbrock,8251.76,29/11/2021
e10481bd-9e02-4fa5-87d5-5a4359da1517,Ninnotti,Stephens,9311.41,04/03/2022
71115e31-d11a-4249-a5d4-5a2ba33b0694,Leetham,Delhanty,258.79,08/08/2021
7597ea76-8a5b-4897-9e80-d9c26cc1e3d0,Rosenzwig,Altoft,5103.67,15/08/2021
a7655090-a5fd-4a97-a126-8afb6b326215,Reddyhoff,Dugdale,7143.80,22/05/2022
5c04422a-d0bc-4268-9cb5-70e9f8229ab2,Piscot,Hiddersley,3570.87,01/05/2022
adc02c90-46c4-4764-96a0-fffe3f2fa8ee,Hewkin,Bonsall,8399.67,05/01/2022
3b50cbc9-94a0-4e0f-abbb-7b772ea45b4a,Kennsley,Radbond,9363.19,26/06/2021
b7b2418d-8428-4af7-94e0-dc5c2370f5b6,Sargent,Buesnel,5393.00,16/04/2022
3350e3dd-c01b-4561-8cb5-f7f1d81a0f3f,Hegge,Pinke,1623.56,14/07/2021
cf04b3da-c306-4ff3-8cad-628cb193f299,Simeone,Sanday,7948.49,13/03/2022
7402e064-ff15-45fb-b78a-7f9cd14f261b,Havile,Ayres,7914.69,27/03/2022
cdf8072e-04da-4cb7-b76e-4d9eaa898963,Simester,Robotham,3117.41,27/02/2022
dd3a4e23-0496-49fe-838b-45fc9cc360f9,Wadforth,Britten,1329.73,27/01/2022
d75ed792-69b8-4b93-839d-9f8b7ebc23ee,Boribal,Ginner,4020.36,27/12/2021
8a1fd5e4-6b40-40af-b644-3fecf4f1d891,Ambrosoni,Melmar,3500.07,22/05/2022
a2a9abdb-9296-4b30-968b-619d80707883,Saunder,Robjant,4307.17,24/01/2022
62c81cd7-6305-4548-90db-0c1fe3a1422b,Ribbon,Sumnall,9024.32,13/08/2021
15927d81-17d2-4416-9072-bb5c9c7a1fbf,Keele,Kubala,965.40,18/02/2022
4a3820a6-8d73-4824-a8df-5a4d6620208e,Marris,Francisco,9082.71,08/12/2021
4da33948-2d88-4d20-8a03-fa960bf3a81b,Arghent,Dansey,438.51,01/05/2022
15e677a9-14f7-4db9-8e0a-4a1fb9be710a,MacGarvey,Arnaldi,3725.41,30/10/2021
6c19c39d-22e5-4eb4-813e-2eab777ed82c,McEvoy,Short,4119.30,20/08/2021
90769b8e-61e5-4d84-b88f-c4445c6f38ff,Swancott,Wetherhead,5039.14,24/07/2021
bd06d30c-d13f-4b6f-8dd4-73c09351fab6,Klimp,FitzGeorge,2696.26,09/02/2022
874a9af2-7bd2-43be-aa5e-4da0d1d327c7,Fulop,Cowdrey,3615.20,30/10/2021
df5ac9f0-8560-48be-abe1-fc3318ebf2fb,Motte,Kilborn,8888.43,15/09/2021
0df7b56c-f0a8-4321-a753-04daccc84e61,Lillow,Rissen,701.30,20/10/2021
8fb355b5-8e22-4b92-8427-b7f5ff794dc7,Reditt,Tolland,2423.60,02/02/2022
ba9921e2-7ed3-4245-9f71-2e941adf7884,Wilcox,Bettison,8245.09,23/11/2021
2baa9f9d-e358-4b9b-adac-f9bdeaf81fed,Partleton,Bowller,6006.69,09/09/2021
8802659d-3923-407e-b37f-0f649b3a3d52,Voss,Campaigne,233.16,28/07/2021
a9a664a4-3995-4294-b0de-b55ff8a940c2,Lyman,Norcott,5176.38,06/05/2022
d7c41f75-ac7b-42c3-b79b-9c519b7fbade,Darington,Bendix,1767.90,25/05/2022
4ebc644a-f90c-4ab7-97cc-19a9004bbc72,Dering,Artrick,3264.14,03/06/2022
5ee3290a-e0ef-473b-88a9-440170ebb907,Strike,Semble,7677.43,18/11/2021
f399ee68-42ff-4730-9fca-928b3b8d0f74,Sifflett,Boothman,2629.80,09/04/2022
8f7a9f1f-1116-4d70-80e9-79392de0fd65,Really,Iorillo,8585.29,10/09/2021
9c5be44d-968a-4ded-937a-b052da6dd3c1,Swyer-Sexey,Gyles,4055.64,20/04/2022
807f4579-5c65-4a79-8bd8-98afc6164bec,Bottomer,Deegan,2431.71,05/07/2021
a0011c9e-ee7e-460d-bdab-a7934a48e9a7,MacQueen,Scarrott,1613.65,06/09/2021
5b79fc9e-21fc-47a9-837e-e272496db995,Kingswoode,Stockell,6981.86,07/05/2022
b5aa5cd2-40d9-4f67-9c14-c953c8a4e39a,Kinglake,Toderi,4685.75,20/09/2021
92649eb2-bd84-4a27-9983-c4d31720f1ba,Peasee,Llopis,5526.04,23/06/2021
7b4a50bc-2628-446c-b4d7-ee63e04a4d4a,Ansley,Doohan,7330.11,04/08/2021
100caaf4-3df5-45d9-8a20-c46ef713a2d5,Budd,Goldin,9771.51,24/01/2022
f217aea1-4726-4cbe-9e26-91f26c9d0351,Form,Bale,6618.94,21/12/2021
077d0142-3c3d-44be-bd5b-29c555a55017,Dicky,Poundford,3812.80,18/12/2021
45ba7c35-9df4-48ab-88a9-8b8b58f24036,Longson,Christoffels,1727.27,23/05/2022
d2c00b20-a561-4900-8909-d3caa89586e3,McKinn,MacColgan,5617.40,02/06/2022
f7f7a2b1-2637-415f-aab5-be8a8619e7de,Heers,Andryushchenko,3274.03,10/02/2022
a8da308a-a054-4493-9f99-96c01e8b1394,MacLaverty,Kirstein,5440.78,24/11/2021
3c7a2606-4883-4c55-bdd8-5f31925ef21d,Gunner,Mattioli,2299.65,03/04/2022
5a078383-98e0-476a-9f49-2c6ee1df0350,Auld,Paprotny,3224.89,09/08/2021
36470f16-a5a3-4ad7-aa23-fffa00a1f09c,Delaney,Cohr,4767.52,15/06/2021
b14c50c5-7202-4e4a-8859-9b743476cf2e,Paute,Cleveley,9754.00,29/12/2021
7c649871-fe21-42e0-9303-9dbbe31f59c2,Linge,Benting,1094.22,04/03/2022
48a9d3c8-ea8b-4b26-ba9e-df044da9868f,Matchell,Gerauld,9115.61,22/05/2022
f6554fda-3f67-443e-a9fa-62fec8fa6511,Caughtry,Thowless,5822.23,02/12/2021
6417937e-1baa-4a3b-832f-b83df2c97c2c,Broadbridge,Lampkin,3992.86,08/07/2021
b7c66c84-f7e5-4c88-9258-1244fe89ec4f,Chadderton,Petrello,266.45,15/09/2021
c81ea314-73fc-4aab-89c2-ec6301613f5c,Sturge,Hulmes,5151.47,03/01/2022
0d20732e-23f9-4c02-a539-80d67b61b2be,Hilary,Dmytryk,3433.32,30/01/2022
13ae624f-4b72-4b3f-bfc3-2a406b864de2,Tames,Simoes,8252.41,28/01/2022
84d27718-63e2-401e-8255-56415e5ebe4a,Pavy,Bache,1126.69,07/04/2022
9b2bf94a-bd2d-48ed-bb3f-293f299888f2,Leist,Swallwell,4166.60,11/06/2021
8ea13c6e-294f-48b1-8ff3-bd8d422379a7,Cowdroy,Myhan,5454.65,24/08/2021
b98dfca1-fa4e-4700-9164-3d51734c7120,Whyler,Doohey,5801.78,16/02/2022
ef2b3c83-bd4f-4bf1-a4a8-5ead5939290c,Sackur,Daw,4355.88,22/05/2022
35132ce9-627b-4a95-bf47-9e9b4fd7a2a6,Sumnall,Armes,9060.46,12/07/2021
afc5f650-4b04-4054-8bd5-4f982296bc47,Hallum,O'Logan,2762.33,02/06/2022
a94f86fe-83f6-4458-b047-6ee5cfbaf928,Wheldon,Aisbett,1290.02,24/01/2022
83e25b8a-9674-4771-999e-d17f4393169f,Main,Challenor,8842.37,25/09/2021
2a1d887d-9dcf-407e-bac7-ad80b16deabf,Freake,Brown,1926.76,04/06/2022
16ce92ec-999b-4215-ac7d-afefe0caf30e,Loughman,Radford,9188.54,03/12/2021
b231f322-a2e3-494b-8e5e-f0a920429f2e,Odlin,Wayman,2913.61,31/07/2021
fe030a08-b4db-4f41-9efe-752588ad38f1,Winterbotham,Bartolomivis,4716.53,31/08/2021
d5580118-8e00-4401-8509-c0773072b470,Reyes,Edwinson,6161.38,14/03/2022
761717ce-3f2a-4164-b787-1d9ee2a91fa6,Avrasin,Kohring,9420.84,25/12/2021
af314660-212b-47e9-825a-06defdde2d47,Sebastian,O' Culligan,7081.16,04/01/2022
28240beb-04f3-4478-94f3-739ca6c09c60,Rizzardo,Fears,6756.35,06/10/2021
bd68a606-f213-469e-a382-4e0911f90773,Furlow,Imm,6166.14,10/10/2021
9831054c-ec26-4815-9fec-a0eabe89b415,Folli,Rhoddie,9323.27,13/06/2021
a759d252-a06e-470a-8a06-6cddf2d3e573,Hamblen,Edgerley,5435.50,20/04/2022
9484f334-61a7-4fe7-b8cf-01c0512a3976,Novakovic,Thorowgood,1557.09,30/12/2021
e12b6ab3-d087-41a2-be8a-944b87670696,Toynbee,Shawyer,5507.49,27/04/2022
2a3975ea-557f-46ea-bbdf-76bde51306af,Tooze,Nester,2134.08,02/02/2022
f5c1841b-5286-4edb-b765-e05d0cc04569,Dessent,Seabright,7645.93,31/12/2021
0ff99803-feb9-46d8-8525-b2bad1c1cf72,Cardnell,Conrad,9208.08,03/08/2021
d4dde359-a8c7-475c-9d9a-7ba864017ac8,Beumant,Smorthwaite,5697.98,08/12/2021
6a5b4443-728c-456a-8614-d0b33cbc7d5c,Taks,Drexel,6484.79,26/08/2021
63e1decc-c39b-4392-a9fd-3675938fe385,Hailey,Frill,1965.98,18/02/2022
6ff7ba19-f1d9-47b0-888b-7d6cd17cb9f2,Younghusband,Bromige,1815.27,14/10/2021
de4bcb0a-9f6f-4d07-bb98-849537f40ea1,di Rocca,Dawdary,2920.39,28/07/2021
0bda46b9-d99b-43d1-9278-b7045ca14857,Simkovich,Strahan,4651.79,01/02/2022
7f7ccf91-ba4e-47b0-96c9-b44ea150a99f,Lygo,Baiss,4978.62,25/12/2021
12944714-d9ff-4e58-bd45-f71c9da49cc4,Eighteen,Decayette,9423.81,06/12/2021
0027f6a4-297d-4a3a-b751-00d74bdc914c,Henzley,Lucy,6770.67,02/10/2021
866922ae-62bd-4294-9317-b951edba5cf3,Regitz,Linneman,2826.03,13/09/2021
0fb81f06-225a-46cd-ac1f-9c270e1c564c,Philimore,Larkworthy,8999.89,12/08/2021
67a70938-d344-4c29-9259-c730ad49040b,Simpkins,Sandey,5773.23,14/05/2022
f08893bc-f315-42cc-80be-3388da793182,Blanshard,Tweedy,4493.90,18/06/2021
a1d64069-a337-4676-bf61-7b2fa2adb0b3,Mackerel,Skehens,5454.77,08/09/2021
2e3c4cd5-2c63-411f-bafd-f758dbeef90c,Cape,Cherry,1465.87,28/04/2022
26ceeaaf-3a3e-479e-9867-6455ad51ab9d,Dimitru,Rossetti,3244.41,16/04/2022
c169fd8b-88af-41b8-8757-3ca5aa06b8b4,Barbey,Pulteneye,1518.80,11/06/2021
8e681ed3-f7e6-4247-88fa-01a1571dd876,Cisar,Kimmings,2156.02,23/05/2022
8f9850d9-d240-47c7-ab52-13e6a09579d6,Ralton,Gissing,440.89,03/10/2021
ed747d6e-ba40-4ee0-959d-3d9a66392c4e,Kamiyama,Dunthorne,7158.98,13/05/2022
a1252a16-322f-4e3e-a6d0-9f2fcac8913f,Elton,Shirland,9676.83,26/07/2021
a2b069de-e75b-4394-b077-438d0f2c3d2e,Fausset,Mohring,7559.91,15/08/2021
1dee6686-f19e-4fbc-a1cc-bce33309f8c7,Lowthian,Feldmark,7702.11,15/09/2021
474f6b05-996b-4e30-b255-1db6c1c36c1a,Lum,Brands,7632.88,17/01/2022
eefa1aee-545c-4f94-abd2-f2e4feed7be9,Padmore,Edeson,6121.49,30/08/2021
e2635d8c-4b11-4b01-96b6-e2c3fb07ca69,Jardin,Steljes,8007.61,25/09/2021
495fcf9a-1d49-4cf5-97c1-3f0b8811b4e6,Snadden,Shottin,8405.19,06/11/2021
d34e6a9a-160d-4754-ba9e-44aedd30628a,McCorkindale,Meekings,9560.31,08/08/2021
8722cb90-8563-4b11-8843-4e386400123e,Bremmell,Aldis,540.81,07/01/2022
bb28e50c-442b-4f97-9e6d-ceb0914829f7,Haydn,Euels,8052.44,12/07/2021
de25591d-aebd-4f3b-87a8-139324d4b5a2,Erlam,Woodeson,6654.93,05/01/2022
ba362358-436c-4031-bc20-839099bba469,Poulton,Jeffels,1468.41,09/09/2021
0ef0bc83-c29b-4751-a346-b5996f1bc98e,MacMillan,Dobrowolski,7521.63,19/09/2021
87840d4d-82a9-4c96-9f8d-84c7f3c21c53,Ferier,Dzeniskevich,5244.78,09/06/2021
c35f69e8-29c4-46ef-8027-57c2c501ca13,Kybbye,Trees,5428.93,01/03/2022
1e174600-da65-4945-92bb-137cdff98def,Burbage,Engley,8492.55,08/01/2022
78a4c885-3705-4669-96c2-331f2ee83be4,Lownes,Korejs,8607.88,22/07/2021
da043870-5640-4ba8-abce-f99cba4dd134,Wrotham,Wheeldon,4262.98,03/06/2022
42fc7a07-f940-4f16-a0ac-3fff86076ab2,Ewbanche,Edgecombe,1066.02,14/03/2022
5b8499a5-d85d-4038-849e-82e59024e21d,Sponder,Goude,3427.62,02/02/2022
4744b66d-2dfc-43eb-b8fe-7d050069ff54,Wasbey,Pollack,2280.28,12/12/2021
c5081b85-67f0-4043-b98a-55e94b7ca44a,Jeannet,Treleven,358.35,04/02/2022
ee191fc1-ab33-43ce-b8f7-cad1fd1b13e7,Knowling,Baudic,994.03,11/04/2022
1dfe5782-e6ff-45d3-a3a5-d213dd56ec83,Griffen,Penn,4954.76,26/11/2021
c1021417-aa2d-40f1-8236-4f5ad905e85c,Purnell,Eicheler,7278.52,13/03/2022
ed45b9d4-deab-4383-93b5-49927121d494,Mapston,Heinemann,5589.78,17/12/2021
b9748206-1b2a-4fa9-8288-fc6c6ae407b2,Maryet,Tott,3100.39,19/07/2021
6e70a755-3c20-4850-a7d8-7206b797a150,Stockings,Verrechia,9583.75,04/02/2022
bb4ec0d6-6434-4390-af8a-021957506838,Birrane,Biaggiotti,6491.11,05/01/2022
ee593b10-26dc-477b-9ec5-6eef91245189,Brandone,Piggot,5554.45,06/02/2022
dd4a87af-288b-41b0-aecd-ef251a6982a1,Casajuana,Gipps,9916.07,08/04/2022
ae403091-1599-4417-b3e2-46aea779be32,Woodburne,Jorry,5667.25,22/06/2021
2bf858a1-74b1-4e1e-b797-9872d62e41c3,Cowell,Guilliatt,3275.07,09/12/2021
545c6a28-cf2d-404a-9e33-550e4bdcb8ba,Cromarty,Sawforde,9404.48,27/07/2021
b7a03d81-c2f2-4aa4-be14-44929e72dd2b,Cantopher,Horney,6793.58,07/11/2021
4359ec46-29a8-4a88-90c7-9b7754496621,Livard,Filipychev,449.71,09/12/2021
9cb0fb3d-06f6-4c0b-bc75-772f57a55797,Foli,Francioli,7821.98,11/06/2021
fe2d95b5-fe0b-49dc-ac00-05ebaf7fc7bb,Gornall,Fielding,618.22,19/07/2021
f4a7e020-128d-4387-a8f6-14f190dd2a17,Vader,Growden,3154.84,09/05/2022
3a70ff4c-4dcb-45e8-aa62-3d4e09c218bc,Spores,Lissenden,2142.01,10/04/2022
cab78b36-d600-4231-970f-6bbebab29ef3,Gally,Orkney,6190.40,24/02/2022
bc15918b-b598-484d-b53b-b5d1e50bee5f,Marl,McLemon,6318.66,22/04/2022
632d1870-5c4f-4790-9c28-10c62606b2ec,Waltering,Culverhouse,2313.35,21/12/2021
e672349d-ea3b-4a97-86d3-1a8a4650fdca,MacCurlye,Pellew,7889.52,07/04/2022
59ecbb5b-f5f5-4f72-84ba-2d204e47d311,Wyles,Pryn,1456.39,12/07/2021
e933f854-2927-4d11-8448-e5e79c4345ff,Ginner,Girton,1371.73,18/06/2021
2f5d4c34-eab6-4502-8589-bc9dd414112c,Bocken,Proschek,9287.56,14/01/2022
de2f9136-b8a3-4825-a9ae-57b73d49d46e,Dartnell,Patise,185.13,26/07/2021
953f2183-9967-4344-8d6b-255a26aa14dc,McKeefry,Reppaport,6012.98,26/08/2021
2f947cb8-d94d-434e-bc45-12ce2c4cc329,Larvent,Greedy,702.18,05/01/2022
66e89347-cd7b-462c-b9a6-407a40a011c4,Bagwell,Greenhowe,6795.32,12/09/2021
22aaf630-d147-4890-a6fa-7d3299649eb9,Meeking,Behneke,4502.98,23/03/2022
faa47fb0-450e-444d-8769-8990b636301a,Hawkett,Benit,5187.68,26/03/2022
bcc22ee0-cb79-4539-b7a0-35c893dce037,Radleigh,Styche,8323.53,08/01/2022
dc0d92ea-c40c-47ec-9226-48f3cde246bc,Du Fray,Presnail,8480.15,07/07/2021
b5700ce7-6705-495e-ad26-dadaba336dd1,MacTrustey,Grigor,920.67,02/11/2021
0f0cc4a4-cca0-4aec-b91c-2eee5a800cda,Ary,McClean,9418.07,23/05/2022
12a7f3c4-b41c-4c16-bab0-ebbdd642e58a,Challin,Dugood,7701.92,24/10/2021
a0b9a438-3f9a-4b0a-8140-0c0e06e7adee,Harmstone,Siggery,7457.10,29/03/2022
e94e88b0-4820-4ec9-a2ae-9798d9261de5,Flay,Pashby,3129.13,23/01/2022
ef11b8ab-620b-4d96-b122-39d0d68175a9,Casone,Biesterfeld,7591.84,08/08/2021
99998503-d2ce-4350-b82b-8eee0fd1dccd,Pablo,Manon,2408.94,28/01/2022
6c4e2a60-b3c6-48e8-ac26-a666951fb432,Gierke,Colquhoun,9696.19,24/02/2022
a28fe660-08c9-4f88-b096-49fc88956232,Zavattero,Harlowe,9806.23,07/08/2021
5d9c9e39-d4d9-4f8d-965c-489f91c11bb7,Hewins,Ferrieres,3498.97,27/12/2021
5dd409aa-e475-4b98-b91b-71a0d31c1c21,Godbehere,Chipchase,6068.48,06/04/2022
4d66392c-d5ad-4e1c-9464-b574407828de,Fieller,Dreelan,415.56,28/09/2021
209c6dab-e30b-48d6-8e63-38c77a5b96de,Sowerbutts,Degan,7582.76,02/03/2022
c7aab2f3-b3b8-43a4-9fa7-da32c1ae69bd,Shewan,Harberer,4153.01,28/03/2022
1ec3ff2d-b6d5-4597-a5e5-cc80eabc80cb,Dobrowolski,Mantrup,2893.29,26/05/2022
6efe430c-7038-42b5-b513-518a83fc6887,Syddon,De'Ath,5579.00,06/12/2021
d69f9f75-a5bc-47fa-a044-ea37d7d1a6a7,Maple,Gwatkin,6199.23,22/01/2022
1049e52b-073b-45ba-b51a-45f57b5462bb,Placidi,Stair,1543.32,10/04/2022
5c6bd07f-732c-4f90-a86c-2b085328c800,Tomaszewski,Ceyssen,3027.00,24/12/2021
5328520b-211d-48b6-970b-50c55c435f3e,Drever,Brereton,7520.89,13/11/2021
266bb7fe-7528-4cc9-982b-60e192345574,Kavanagh,Bridgstock,7653.37,18/12/2021
d8066d58-ec0f-453a-a806-98bf26fe3525,Konig,Crips,5653.09,25/08/2021
1a3d0bf7-95db-4c84-b1d4-895f7777b4d3,Merrison,Sitlington,3963.11,28/04/2022
2046f8f5-87a5-4375-bf19-6148a1697565,Corwin,MacMoyer,5423.15,06/12/2021
854b6960-eb47-4502-9815-13d6d72000ef,Begwell,Durrans,9080.95,04/12/2021
4c0fc91b-6aab-4e35-a1df-3f2845fb3016,Kimber,Cundey,2254.04,10/05/2022
177152d7-8d7e-4904-9899-07bc3b689a91,Volant,Fatharly,1991.32,22/07/2021
c7f73900-1db1-4d90-8b4c-856c89baa892,Wehnerr,Bernakiewicz,9288.30,03/06/2022
231e8817-831a-4b67-a513-3618b1000aaf,Jakel,Riseley,7935.71,22/09/2021
9a9e7e5e-1fa0-4c7e-8298-e6e9c317c045,Phibb,Rycroft,2608.51,12/01/2022
9dab6246-d32b-4edd-b594-322fa9e8c14c,Skelly,Whistan,657.30,10/01/2022
5f0208de-8711-40c1-9eb3-b914850bd654,Hiscoke,Mulran,639.71,22/04/2022
5fac19d5-0cbd-4c47-88c3-962af15715ca,Brundle,Brook,7565.14,09/04/2022
d07554d7-c000-4788-9f62-b9c046fcb929,Cowwell,Worsam,3190.98,17/06/2021
649862d8-81fb-4254-b767-90c574920bd9,Schukert,Boothroyd,9502.85,29/08/2021
ab69667e-6bfe-4a78-80b1-a8912092e50a,Fritschel,McQuaid,3236.64,04/02/2022
15b97b84-1ee7-4f40-a832-ac4f3ac9a9ee,Marfell,Andryushchenko,2677.13,27/09/2021
0dde75ea-e5d6-4ead-9a70-21f4bdfa1b05,Andreia,Kermode,9689.79,13/07/2021
d6dd32de-d703-4b01-b2e8-88af2d7acc76,Highnam,Seeney,3117.22,23/02/2022
92843b5e-2e2d-4a7c-9298-26649b6a938a,Wickmann,Backes,5972.55,27/11/2021
cc5d0ce4-4801-4f67-8414-6536aa513694,MacAlees,Harnor,9331.01,18/04/2022
69d97163-9ee6-4223-ad01-5eda9ed8476c,Stokoe,Redler,5264.31,01/03/2022
78a83263-365f-4015-bbc9-6a1242dc19e6,Badam,Kainz,140.13,25/03/2022
3a879da6-4823-40aa-91f0-b864128e87ff,Barwell,Hise,8134.57,01/10/2021
89b82a6e-ce3f-46e9-9552-adb3e1a71c1f,Pittson,Sirkett,5266.46,19/02/2022
f342fe6d-190f-4804-a46c-80311fef355b,Chomicz,Brouard,349.62,08/11/2021
1ec24150-7405-42c9-8a7e-410937a11df8,Fairholme,Vigars,8866.50,12/01/2022
01e62ae9-bd01-42e5-b399-80f381f3c99b,Astbury,Cleaton,7463.78,06/02/2022
a2234683-dbcb-439c-a016-6ef7e0bf5515,Reicherz,Fellow,3538.73,13/12/2021
10f9f2d7-ce48-4a42-ac22-b261c1d741a5,Schulze,Sutty,5101.46,15/04/2022
2fd9495a-499e-4d51-8623-add547ee7b88,Waymont,Samsonsen,8100.09,16/05/2022
9738078a-99b0-42bf-bfa0-5bf87f9e6109,Reeveley,Satcher,7284.23,14/09/2021
186c4223-c0ae-4425-9539-ee87d865469b,Nunns,Beauchop,6841.32,27/07/2021
4a73eae9-b67a-4fc5-8648-d56730fb6a7a,Loweth,Arkill,3678.51,14/07/2021
15ccd5b4-857f-4699-af76-72f3d2b627ba,Martino,Breheny,6876.42,04/09/2021
5f4703ab-01a3-4a09-a5bb-cc5a865b4e68,Plewright,Bedford,8557.47,16/12/2021
bc50dfbe-0046-4f44-99b2-42cce69b94eb,Blampied,Barnwall,2378.14,09/07/2021
26582907-c5f3-4f7f-a2bb-071e26b3164d,Birley,Wilcocke,1177.77,13/01/2022
da174514-2e7e-4b70-b8e5-bf8d0e0f52b8,McSherry,Baseggio,239.81,07/03/2022
259ebf21-44e2-4c9b-aca7-b4593ed00388,Bebb,Halwood,2014.13,10/10/2021
cfd540a9-8857-45ae-81df-206ef4084f29,Quadling,Bibby,4168.14,28/08/2021
54d428c8-66f7-4478-ba1b-b97bb186ef96,Siebart,Ruslinge,2091.53,26/02/2022
28f586e5-f93e-45e2-bbb8-21ff93c403ec,Koba,Sherwen,1740.13,27/02/2022
9347201c-337b-4f8d-9cd2-315b5356180c,Bradshaw,Irce,5222.83,17/06/2021
cf939af8-e88b-4995-885a-52152bb5e92a,Iveson,Mahaffey,4180.67,18/11/2021
4d082924-781c-45a9-af8b-296010234094,Winsome,Paolinelli,1142.38,12/07/2021
8e401ba7-aaed-49bc-b576-c9023c875dd1,Gave,Spring,9083.75,15/05/2022
b8fbbf5e-b085-4c27-93bf-b96a1b315506,Ferrarone,Fawdery,5303.37,23/01/2022
40e5699b-bd6f-4d36-9f00-75b7cb6cb973,Brisley,Hannigane,732.12,28/05/2022
6e4b692e-d552-4839-96bb-5241e0a28ffb,Ladson,Fosten,2528.71,15/12/2021
7190007d-c5c1-4a50-a37f-d896d6628efa,Rustich,Garton,5123.45,12/03/2022
90cba784-0ca1-4b28-9698-4f92bb11adb2,Reaney,Kleingrub,2997.00,12/03/2022
709fe359-c4cd-4bb6-af85-a043f2c68bbb,Kelemen,Craker,444.22,29/03/2022
20772bfb-afdc-4937-85c6-bd30713e381e,Rockwell,Prescott,5339.65,18/05/2022
a3f97e6e-1593-4c3a-b663-bcf870e40f34,Philippault,Francescuzzi,4783.25,12/11/2021
ae875fcc-dc60-44d3-a825-b8ebf0ff07ff,Sanford,Magnus,3626.52,04/02/2022
f3cb9052-4e9f-40ae-b017-9b79c34a7e13,Kintzel,Cescon,8801.72,13/02/2022
0611a19f-6d01-465a-8bcd-bf745ad8e937,Paoletti,Bicheno,4198.07,27/01/2022
bab73008-9bdf-48c2-ad01-5a6726c321a4,Stennard,Ohms,763.25,21/04/2022
da2c1ebd-6c02-4e4c-9fdc-c36850ec2a1b,Wilber,Truelove,7541.40,24/05/2022
1d58e6b6-90a9-4d0d-8b8a-a1692bdb69b9,Jans,Baynton,4349.84,04/02/2022
87099cb5-e99d-4828-8f7c-24977253e3c7,Jelf,Rutigliano,9388.04,30/12/2021
70753301-3ecc-4129-bf46-93093dbf17d5,Gocke,Hesbrook,8459.22,02/02/2022
c5efc3b1-7f04-4b5a-a4cf-b64ea2fe340e,Buckoke,Jeremiah,9576.58,13/03/2022
0fe01597-d792-4cfe-89fb-fdcd6d0caa85,Brooker,Iacoviello,3921.52,30/07/2021
26fc8ef8-56e9-4c6d-afcd-d8ec4397d585,Eversley,Dole,7474.54,23/03/2022
c8883b2e-0063-4096-80fd-d36605d0306f,Cecchi,Rookes,1349.91,07/05/2022
7e812c9d-34d4-4c14-b63d-b5608771bcd0,Mandrake,Goudman,7770.27,17/09/2021
911526c0-a4ed-49f3-962a-11dd6a25dd16,Long,Tschirasche,7917.32,28/11/2021
b9d1751a-4302-499c-83b6-f1ab8faa2a1f,Shitliffe,Heardman,4438.53,24/01/2022
ab370200-d6d6-49c4-80bd-931d4b287083,Hambly,Seamer,9615.14,25/09/2021
8f091cdf-2274-4158-ba97-12693af5071a,Hoppner,Goalby,9995.18,04/12/2021
1853a123-9e1d-4b99-9620-38d24c392c63,Bollam,L' Estrange,8306.62,23/10/2021
3d77b075-a650-4fb9-b9d4-232c2c631c55,Roubay,Bjerkan,3361.80,12/11/2021
c9462c12-b3a5-4845-b09c-90008215792f,Coveny,Culvey,9603.39,22/10/2021
891adc3c-1a98-4c17-bc8c-8cefe5d7e0a7,Dorn,Bengtson,7545.43,30/01/2022
89188b26-deb3-48ee-8573-4220905b02a0,Charley,Hadrill,7419.81,19/01/2022
53cda13e-26cb-4bd8-a806-1570988681c8,Gillfillan,Sandiford,8941.84,04/08/2021
5ebf02c6-de87-4093-9e45-49cdfb02e979,Dorsett,Willshee,5622.54,28/11/2021
6daac57c-c884-449f-af6b-8c3982bf22b6,Shills,Abramamov,5842.26,16/12/2021
a5ca8eaa-550e-4dd1-9508-86caf59bf542,Hambright,Castenda,6844.01,18/04/2022
9cf5f876-2d75-4955-947a-d7dc5fc6cdef,Harflete,McTiernan,1276.45,20/07/2021
ccb953a0-8c6c-4f96-8c01-0a1e11675c89,Normanvill,Nugent,6769.23,08/12/2021
69f30b0e-d7cc-4b71-90f8-28a5c89e724f,Jewster,Matschek,7868.20,15/01/2022
bd0aff16-2bbe-4f4a-99bb-9bc6fa40c558,Lorait,Jills,9411.03,26/01/2022
a51f2837-e5fc-4648-9943-b5e21948c18a,Boldecke,Ashwell,5440.44,04/10/2021
18a75fab-cce9-4602-8f3b-0493376b482c,Stirrup,Croson,8803.38,25/08/2021
f02eb68f-e4a4-4084-bc0a-0ac28e88e33a,Boffin,Sanday,8172.23,10/11/2021
7ca071da-626f-4fad-b6ce-adbcee7d53a9,Jude,Barends,116.56,15/03/2022
519b0491-5706-400a-820e-4aa19d42dccc,Doyland,Burke,1024.15,12/08/2021
c4160db8-9318-441c-8f0f-efa653144af0,Pargiter,Eloy,618.34,11/11/2021
c853a2d8-ea4a-42ce-a94c-a7e1535695bd,Domenichini,Robbeke,583.20,01/06/2022
ef6bc10e-84dc-4616-abd0-eb596a5fb98b,Satchel,Burtwell,1983.44,11/08/2021
76a19d39-8906-4df3-ac68-ef880e82897e,Casterot,Reichardt,3683.07,14/07/2021
2361c765-f295-4139-869b-70103c2c52b5,Sedgebeer,Greenley,3906.57,30/12/2021
03fe0aad-f0d2-4c4b-a9dd-61fe7e63a5f3,Toseland,Steers,8649.43,29/10/2021
2198059c-a9a9-44fc-90a0-db0eddb0fd39,Gronav,Layfield,867.08,24/01/2022
8d43bfd6-97dd-4dd8-9e49-e30d4ceff799,Skippen,Attril,6273.25,30/08/2021
60dfb0f7-2389-4f40-859d-4cf188e6124e,Iddiens,Dudbridge,2181.07,27/05/2022
16c3ddeb-eac8-405a-b9e6-8d16fbc22f14,Storror,Lepope,374.95,10/01/2022
d98aebee-3b7a-4fa4-a94c-23ae252584c5,MacCart,Shevlan,1142.31,31/08/2021
e8a921d3-b1c4-4725-aae5-3f7c44a16f2f,Corro,Ough,8957.39,22/12/2021
cdc05611-226a-42d4-8366-504658cb20eb,Gerardin,Layborn,2618.12,22/03/2022
4b595472-39e9-4cc0-b1bc-1f19887d52f1,Milazzo,Hurche,9504.94,25/07/2021
87e28686-806e-4994-8319-46bccc0c738a,Dawkins,Phibb,6571.77,13/10/2021
705ff1f1-cf36-49c2-88ae-59faafe8f780,Hynson,Falla,7110.33,10/10/2021
5fe14faf-2aa9-4194-9afe-ec9218a017be,Gymlett,Dampier,6498.01,07/03/2022
55c5eba1-0c96-44d0-a646-c007d11da083,Chimienti,Barthelme,6114.58,12/05/2022
bd430114-3daa-4dba-9a66-fd6d6c43fd9a,Coaten,Beton,6545.01,30/07/2021
ee6f3f55-00ac-4649-a70f-fae07690f6b8,Carette,Rambadt,5091.11,17/08/2021
1d420532-1781-420c-aa45-4e914b9a0e34,Peteri,Steade,7194.07,27/04/2022
